PDBname,affinity
10gs,6.4
11gs,5.82
13gs,4.62
16pk,5.22
184l,4.72
185l,3.54
188l,3.33
1a07,6.4
1a09,6.7
1a0q,7.57
1a0t,1.3
1a1b,6.4
1a1c,6.4
1a28,8.29
1a30,4.3
1a3e,8.46
1a42,9.89
1a4h,5.92
1a4k,8.0
1a4m,13.0
1a4q,5.44
1a4r,6.66
1a52,9.86
1a5g,10.15
1a5h,6.3
1a5v,3.1
1a69,5.3
1a7t,1.64
1a7x,9.7
1a85,4.52
1a8i,5.52
1a8t,5.8
1a94,7.85
1a99,5.7
1a9m,6.92
1a9q,6.17
1a9u,7.32
1aaq,8.4
1abf,5.42
1acj,8.09
1add,6.74
1adl,5.36
1ado,6.0
1af2,3.1
1af6,1.82
1afk,6.62
1afl,6.28
1ag9,9.0
1agm,12.0
1aht,6.21
1ahx,3.92
1ahy,3.36
1ai4,2.5
1aid,4.82
1aj6,5.92
1aj7,3.87
1ajp,2.23
1ajq,4.31
1ajx,7.91
1akq,9.1
1akr,9.09
1akt,8.49
1aku,6.13
1akv,11.59
1akw,8.59
1al7,7.8
1al8,5.32
1alw,6.52
1amk,4.3
1amw,4.54
1anf,5.46
1ao0,4.96
1ao8,8.22
1apb,5.82
1apv,9.0
1apw,8.0
1aq1,8.15
1aq7,6.05
1aqc,5.34
1aqi,5.62
1aqj,6.47
1at6,4.07
1atr,6.96
1au0,7.66
1au2,7.89
1auj,8.25
1avd,15.0
1avn,3.9
1avp,7.92
1aw1,1.05
1awh,6.08
1ax0,3.13
1axr,3.27
1axz,3.2
1ayu,9.15
1ayv,8.0
1azg,4.8
1azm,6.1
1b0f,7.7
1b0h,6.7
1b11,7.39
1b1h,7.03
1b2h,4.54
1b2i,5.51
1b32,7.1
1b38,6.6
1b3f,6.89
1b3g,6.7
1b3h,6.21
1b42,4.01
1b46,5.28
1b4d,4.81
1b4z,5.23
1b51,7.37
1b52,7.12
1b55,7.4
1b56,6.1
1b58,6.59
1b5h,6.01
1b5i,7.05
1b6h,7.82
1b6j,7.92
1b6k,8.74
1b6l,8.3
1b6m,8.4
1b74,1.3
1b7h,8.02
1b8n,10.52
1b8o,10.64
1b8y,7.85
1b9j,5.96
1b9t,5.1
1b9v,3.65
1ba8,9.0
1bap,6.85
1bb0,8.36
1bcj,3.7
1bcu,3.28
1bdl,5.85
1bdr,6.68
1bgq,8.57
1bhf,4.38
1bhx,6.84
1bil,9.3
1bim,8.92
1bio,5.54
1biw,6.98
1bji,8.7
1bjr,7.68
1bju,4.8
1bkj,6.77
1bkm,5.74
1bky,3.84
1bl6,6.8
1bl7,7.72
1bm6,7.89
1bm7,7.52
1bma,4.59
1bmb,6.15
1bmk,7.6
1bmm,7.1
1bmn,8.44
1bmq,7.42
1bn3,9.89
1bnq,9.49
1bnt,9.8
1bnu,9.7
1bnv,8.77
1bnw,9.08
1bo5,3.6
1bq3,5.4
1bq4,5.22
1bqm,7.35
1bqn,6.22
1bqo,7.74
1br6,3.22
1br8,4.74
1bra,1.82
1bsk,4.12
1bt6,5.7
1btn,4.4
1bty,4.74
1bug,4.37
1bux,4.85
1bwa,8.6
1bxl,6.47
1bxo,10.0
1bzc,4.92
1bzf,8.3
1bzh,6.77
1bzj,4.66
1c1u,8.25
1c1v,7.64
1c29,6.33
1c2t,6.59
1c3b,7.57
1c3e,6.59
1c3x,3.68
1c4u,10.37
1c4v,10.8
1c4y,7.92
1c50,6.48
1c5f,6.07
1c5n,4.7
1c5o,3.49
1c5q,6.36
1c5s,6.0
1c5y,4.2
1c5z,4.01
1c70,10.3
1c7e,6.3
1c7f,9.52
1c83,4.85
1c84,5.0
1c85,4.64
1c86,4.7
1c87,4.2
1c88,5.29
1c8k,6.0
1c8l,8.16
1c9d,6.3
1ca8,9.49
1caq,7.72
1cbr,9.4
1cbx,6.35
1ce5,4.74
1ceb,6.0
1cet,2.89
1cgl,6.87
1ch8,7.0
1ci7,7.05
1cil,9.43
1cim,8.82
1cin,8.73
1ciz,7.44
1cj1,8.8
1cka,5.72
1ckb,5.28
1clu,8.27
1cnw,7.72
1cnx,7.37
1cny,7.85
1cp6,5.0
1cps,6.66
1cr6,8.51
1cs4,5.57
1csh,7.55
1css,6.1
1ct8,6.52
1ctr,6.0
1ctt,4.52
1ctu,11.92
1cw2,6.15
1cwb,7.89
1cx9,6.75
1cyn,7.68
1czc,2.82
1cze,2.62
1czl,9.15
1czo,4.55
1czq,4.54
1czr,9.0
1d04,4.59
1d09,7.57
1d1p,3.6
1d2e,6.0
1d2s,9.74
1d3d,9.09
1d3p,7.39
1d3q,6.54
1d4h,10.0
1d4j,8.36
1d4k,9.22
1d4p,6.3
1d4t,6.19
1d4y,11.1
1d5j,9.15
1d5r,1.82
1d6n,4.5
1d6s,4.11
1d6v,6.17
1d6w,5.96
1d7i,3.6
1d7j,3.3
1d7x,8.52
1d8e,6.6
1d8f,7.74
1d8m,8.51
1db5,6.82
1dbj,7.68
1dbk,8.1
1det,4.3
1df8,9.7
1dfo,6.7
1dg9,2.74
1dgm,5.05
1dhj,6.55
1di8,6.0
1di9,5.3
1dif,10.66
1dis,11.0
1dkd,5.7
1dl7,6.49
1dm2,7.15
1dmb,5.74
1dmt,8.7
1doj,8.96
1dpu,6.0
1dqn,8.0
1dqx,11.05
1drj,7.4
1drk,6.82
1dth,8.22
1dtq,8.22
1dtt,8.3
1duv,11.8
1dva,8.07
1dwc,7.41
1dwd,8.18
1dx6,6.19
1dzj,5.89
1dzk,6.1
1dzp,5.44
1e02,6.15
1e03,9.4
1e06,5.6
1e1x,5.89
1e1y,5.6
1e2l,4.29
1e3g,9.0
1e3v,4.34
1e4h,8.41
1e55,4.12
1e5a,7.64
1e5j,4.0
1e66,9.89
1e6q,3.15
1e72,3.22
1e8h,5.68
1e9h,7.46
1eas,7.74
1eat,7.82
1eb1,10.43
1eb2,6.01
1ebg,10.82
1ebw,9.05
1eby,9.7
1ec0,8.49
1ec1,8.92
1ec2,10.0
1ec3,9.04
1ecv,4.85
1eed,4.79
1eef,2.92
1eei,3.15
1efi,1.92
1egh,5.7
1eix,11.06
1ej4,7.3
1ejn,5.62
1ek2,8.2
1ekb,6.0
1ela,6.36
1elb,7.15
1elc,6.66
1eld,6.7
1elr,4.96
1els,10.82
1enu,5.08
1eoc,6.05
1eoj,13.77
1eol,13.42
1eou,7.44
1epo,7.96
1epp,7.16
1epq,8.19
1erb,8.1
1ero,8.23
1err,8.11
1esz,6.52
1ets,8.22
1ett,5.89
1etz,7.24
1eub,8.72
1eve,8.24
1evh,3.22
1ew8,2.26
1ew9,3.22
1ewj,7.49
1exv,7.35
1exw,3.9
1ez9,5.1
1ezf,7.25
1ezq,9.05
1f0q,6.0
1f0r,7.66
1f0u,7.16
1f1j,8.8
1f28,7.8
1f2o,1.91
1f2p,1.9
1f3e,6.7
1f3j,5.22
1f40,6.0
1f47,4.67
1f4e,2.96
1f4f,4.62
1f4g,6.48
1f4x,5.59
1f4y,6.08
1f5k,3.74
1f73,2.39
1f74,3.05
1f7b,4.6
1f8b,5.4
1f8d,3.4
1f8e,4.82
1f90,7.92
1f92,6.19
1f9e,8.7
1fao,7.37
1fch,7.15
1fcy,8.52
1fcz,9.22
1fd7,1.85
1fdq,7.27
1fe3,7.33
1ff1,4.92
1fgi,5.0
1fh7,5.24
1fh8,6.89
1fh9,6.43
1fhd,6.82
1fhr,4.0
1fiv,6.59
1fjs,9.96
1fkb,9.7
1fkg,8.0
1fkh,8.15
1fki,7.0
1fkn,8.8
1fkw,5.05
1fl3,6.8
1fl6,7.43
1flr,10.0
1fls,7.48
1fmb,10.0
1fo2,4.7
1fo3,6.7
1fpi,5.89
1fpy,6.0
1fq4,6.4
1fq5,8.4
1fq6,7.86
1fq7,5.43
1fsg,5.02
1fsw,6.49
1ft4,6.57
1ft7,5.18
1fta,6.36
1ftj,6.09
1ftm,7.61
1fv0,5.93
1fv9,5.0
1fvt,7.22
1fvv,8.0
1fw0,5.43
1fwe,5.6
1fwu,3.7
1fwv,3.72
1fzj,8.1
1fzk,8.4
1fzq,7.62
1g05,8.51
1g1d,9.44
1g27,8.15
1g2a,8.0
1g2k,7.96
1g2l,7.24
1g2m,7.4
1g30,6.85
1g32,6.11
1g35,8.14
1g36,7.17
1g37,10.0
1g3b,5.74
1g3c,5.8
1g3d,5.55
1g3e,5.38
1g3f,6.37
1g3m,10.0
1g42,3.01
1g45,8.64
1g46,8.8
1g48,8.41
1g4j,8.7
1g4k,5.7
1g4o,8.25
1g50,6.28
1g52,9.54
1g53,9.04
1g5f,2.64
1g5s,7.32
1g6g,6.28
1g6r,4.27
1g6s,5.15
1g74,6.52
1g7f,5.47
1g7g,6.6
1g7p,7.05
1g7q,6.06
1g98,5.7
1g9a,5.3
1g9b,5.3
1g9d,5.3
1g9r,5.7
1g9s,3.61
1g9t,3.28
1ga9,7.08
1gag,6.12
1gah,12.0
1gai,8.0
1gbq,2.46
1gca,6.7
1gcz,5.13
1gfw,7.82
1gfy,5.08
1gfz,4.0
1ggd,5.8
1ghv,4.35
1ghw,4.2
1ghy,8.1
1ghz,4.8
1gi1,5.47
1gi4,7.19
1gi6,6.22
1gi7,4.51
1gi8,5.05
1gi9,5.22
1gj4,4.07
1gj5,4.96
1gj6,7.0
1gj7,7.89
1gj8,6.96
1gja,5.42
1gjb,6.35
1gjc,6.35
1gmy,7.35
1gni,8.07
1gnj,7.04
1gnm,6.25
1gnn,5.68
1gno,7.7
1gpk,5.37
1gqs,6.3
1grp,3.72
1gsz,7.21
1gt3,6.46
1gt5,6.1
1gu1,4.52
1gu3,4.32
1gui,6.28
1guw,5.72
1gux,6.96
1gvk,3.05
1gvw,6.96
1gvx,7.22
1gwq,7.12
1gwr,6.6
1gwv,2.57
1gww,3.59
1gx0,4.22
1gx4,4.28
1gym,2.7
1gyx,2.48
1gyy,3.64
1gz3,3.7
1gz4,3.7
1gz9,3.51
1gzc,3.49
1gzv,6.57
1h00,4.42
1h01,4.66
1h07,5.52
1h08,4.55
1h0a,5.44
1h0r,3.7
1h0w,4.89
1h1b,9.8
1h1d,8.22
1h1h,5.22
1h1p,4.92
1h1q,6.0
1h1r,5.64
1h1s,8.22
1h22,9.1
1h23,8.35
1h24,6.3
1h25,5.74
1h26,5.54
1h27,5.6
1h28,6.52
1h2k,2.92
1h2u,7.89
1h35,7.54
1h36,7.74
1h37,7.23
1h39,6.54
1h3a,6.55
1h3b,6.85
1h3c,6.51
1h46,3.57
1h4n,4.92
1h5u,6.75
1h5v,3.93
1h60,4.7
1h61,4.89
1h62,4.77
1h6e,6.15
1h6h,5.3
1h79,4.89
1h7a,4.72
1h8l,7.47
1h8s,5.81
1h8y,7.7
1ha2,5.54
1haa,8.7
1hbj,8.52
1hbv,6.37
1hdq,5.82
1hdt,7.76
1hee,5.34
1hef,9.0
1heg,7.74
1hge,2.27
1hgi,2.68
1hgj,1.66
1hgt,6.82
1hi3,4.19
1hi4,4.49
1hi5,4.04
1hih,8.05
1him,7.7
1hiv,9.0
1hiy,3.08
1hk1,5.64
1hk2,6.77
1hk3,6.59
1hk5,5.24
1hkj,8.59
1hkk,7.4
1hkm,8.72
1hmr,6.55
1hms,6.37
1hn4,3.82
1hnn,6.24
1hos,8.55
1hp0,6.7
1hp5,6.55
1hpo,9.22
1hps,9.22
1hpv,9.22
1hpx,11.26
1hqf,5.0
1hqg,3.0
1hrn,8.05
1hs6,5.38
1hsg,9.42
1hsh,9.42
1hsl,7.19
1hte,5.64
1htg,8.42
1hti,5.13
1hv5,8.3
1hvh,7.96
1hvi,10.92
1hvj,11.4
1hvk,10.96
1hvr,9.51
1hvy,6.54
1hwr,8.33
1hww,7.7
1hxb,9.92
1hxk,3.4
1hxw,10.82
1hy7,5.39
1i00,6.34
1i32,5.7
1i37,9.57
1i3z,6.88
1i41,4.57
1i43,3.7
1i48,5.7
1i5h,4.28
1i6v,5.0
1i7c,6.4
1i7g,6.0
1i7i,6.7
1i7m,9.64
1i7z,6.4
1i80,6.41
1i8h,4.54
1i8i,7.66
1i8j,4.41
1i8z,8.9
1i90,8.89
1i91,8.94
1i9m,8.48
1i9n,8.66
1i9o,8.42
1i9q,8.41
1iau,7.1
1ibc,10.25
1ibg,8.55
1ida,8.7
1idb,7.96
1idg,7.19
1ie9,10.19
1iem,7.7
1iep,7.0
1iew,4.59
1if8,9.64
1igb,6.4
1igj,10.0
1ih0,5.0
1iht,8.46
1ihy,3.74
1ii5,6.62
1iih,2.89
1ijr,5.44
1ikt,3.4
1ikw,8.6
1ikx,8.15
1iky,8.26
1il3,2.55
1il9,3.4
1ilh,7.39
1ilq,4.89
1imx,3.52
1inc,9.34
1ind,10.05
1inf,5.0
1inh,2.3
1inq,6.27
1iq1,7.46
1irs,5.22
1is0,7.0
1it6,8.39
1iup,2.54
1ivp,7.52
1iwq,8.06
1iy7,6.19
1iyl,9.0
1izh,7.7
1j01,6.47
1j07,7.68
1j15,3.84
1j17,5.22
1j19,7.79
1j1a,7.54
1j36,7.74
1j37,8.96
1j4k,4.0
1j4q,6.44
1j4r,7.72
1j5i,3.64
1j7z,7.7
1j80,6.52
1j81,7.1
1jao,5.92
1jaq,4.48
1jcx,5.15
1jd5,6.62
1jd6,7.39
1jdj,2.3
1jet,7.25
1jev,6.89
1jfh,2.05
1jg0,5.3
1jgl,8.7
1jh1,4.39
1jif,6.2
1jii,9.0
1jij,8.52
1jik,9.7
1jil,8.4
1jiz,8.7
1jj9,5.77
1jje,8.43
1jjt,8.05
1jk7,8.52
1jld,6.73
1jlq,8.15
1jlr,3.33
1jlx,5.8
1jm4,5.0
1jmf,5.77
1jmg,6.07
1jmi,6.06
1jmq,4.4
1jn4,4.95
1joc,4.62
1joj,4.22
1jp5,9.22
1jpl,5.0
1jq3,6.7
1jq8,6.0
1jqd,5.16
1jqe,6.44
1jqy,4.92
1jsv,5.7
1jt1,3.4
1jtq,8.07
1juf,5.85
1juj,6.96
1jut,7.32
1juy,7.66
1jvp,5.8
1jwm,3.57
1jwt,7.85
1jwu,5.34
1jyi,4.0
1jyq,8.7
1jys,3.52
1jzs,6.6
1k03,6.0
1k08,5.34
1k1i,6.58
1k1j,7.55
1k1l,6.9
1k1m,7.4
1k1n,6.82
1k1o,6.17
1k1y,3.22
1k21,8.38
1k2i,3.11
1k2v,4.44
1k3n,4.99
1k3q,6.52
1k3t,4.19
1k4h,5.11
1k6t,7.62
1k6v,6.92
1k9q,3.15
1k9r,3.3
1k9s,6.52
1ka7,6.22
1kak,4.59
1kav,5.82
1kc5,7.0
1kc7,5.52
1kdw,5.54
1ke0,5.38
1ke3,6.7
1ke5,6.25
1ke6,8.24
1ke9,6.18
1kel,7.28
1kf0,2.55
1kfy,5.28
1kkq,6.62
1kl3,5.86
1kl5,5.99
1klg,7.89
1kll,5.2
1klu,7.6
1km3,4.91
1kmv,6.95
1kmy,5.1
1koj,6.7
1kpm,5.8
1kqb,4.0
1kr3,5.0
1ksn,9.4
1kti,3.43
1ktt,5.82
1kui,3.77
1kv2,10.0
1kv5,4.22
1kvo,7.89
1kwq,9.21
1kwr,6.6
1kyn,5.39
1kyv,5.92
1kzk,10.39
1l0a,4.62
1l2s,4.59
1l2z,3.69
1l5q,3.97
1l5r,4.77
1l5s,3.26
1l6m,8.1
1l6s,4.41
1l6y,3.66
1l7x,4.04
1l8g,6.22
1laf,7.85
1lag,6.3
1lah,7.52
1lan,7.22
1lbf,7.85
1lbk,3.18
1lcj,9.0
1lcp,6.64
1ld7,8.96
1ld8,8.46
1leg,7.95
1lek,8.89
1lf3,7.0
1lf9,12.0
1lfo,8.05
1lgt,6.1
1lgw,4.0
1lhc,10.4
1lhd,9.62
1lhf,8.09
1lhg,7.1
1lhu,8.83
1lhw,9.08
1li3,4.25
1ljt,5.15
1lke,7.52
1lkk,6.85
1lkl,5.81
1lkx,5.15
1ll4,7.22
1llb,6.05
1lnm,8.7
1lol,6.39
1loq,3.7
1lor,11.06
1lox,5.52
1lpg,7.09
1lpk,7.55
1lpz,7.6
1lq2,8.77
1lqd,8.05
1lqf,8.3
1lrh,6.82
1lrt,5.64
1lst,7.85
1lt5,2.7
1lt6,3.3
1lv8,5.46
1lvc,6.0
1lxf,4.1
1lxh,7.19
1lyb,11.42
1lyx,4.54
1lzq,8.39
1m0b,8.82
1m0n,2.22
1m0o,2.31
1m0q,3.89
1m13,7.57
1m1b,4.66
1m21,6.52
1m2p,6.11
1m2r,6.46
1m2x,4.15
1m48,5.09
1m4h,9.52
1m51,4.73
1m5d,5.04
1m5e,7.7
1m5f,7.83
1m5w,4.27
1m6p,5.1
1m74,7.0
1m7d,6.23
1m7i,5.4
1m7q,8.59
1m7y,10.96
1m83,3.4
1m9n,6.92
1mai,6.68
1mau,11.3
1maw,1.1
1mcz,3.0
1mdl,3.09
1me3,7.19
1me4,6.84
1me7,7.19
1mes,7.7
1met,9.4
1meu,6.1
1mf4,7.99
1mfa,5.04
1mfg,4.3
1mfi,5.59
1mh5,9.21
1mhw,7.35
1mik,6.35
1mj7,8.35
1mjj,8.74
1mkd,6.8
1ml1,4.28
1mm6,7.7
1mm7,7.7
1mmp,6.07
1mmq,7.52
1mmr,5.4
1mn9,4.62
1mnc,10.34
1mns,4.17
1moq,3.46
1mpa,8.04
1mpl,3.77
1mq1,6.59
1mq5,9.0
1mq6,11.15
1mqd,6.77
1mqi,7.63
1mqj,5.32
1mrn,4.52
1mrs,3.96
1mrw,9.7
1mrx,7.26
1ms6,9.52
1ms7,6.77
1msm,10.48
1msn,9.09
1mto,6.96
1mtr,8.4
1mu6,8.38
1mue,8.64
1mv0,4.03
1mwn,6.7
1mwt,1.88
1mxo,9.0
1mxu,5.4
1my2,7.77
1my3,5.4
1my4,6.98
1mzc,10.22
1mzs,5.15
1n0s,7.45
1n0t,4.91
1n1g,2.3
1n1m,5.7
1n1t,3.85
1n3w,6.96
1n43,10.55
1n4h,6.55
1n4k,10.05
1n4m,6.72
1n5r,5.66
1n5z,4.36
1n7m,5.71
1n8u,6.03
1n94,8.96
1n9a,8.66
1nc1,6.12
1nc3,5.0
1nd5,8.4
1ndj,12.16
1ndv,5.92
1ndw,5.23
1ndy,6.17
1ndz,8.11
1nfw,8.96
1ngw,7.68
1nh0,9.74
1nhg,7.3
1nhu,5.66
1nhv,5.66
1nhw,4.84
1nhz,6.08
1ni1,9.05
1nj5,7.3
1njb,5.8
1njc,5.55
1njd,5.57
1nje,3.8
1njj,2.1
1njs,7.82
1njt,4.82
1nju,7.3
1nki,6.7
1nl4,9.41
1nl6,11.32
1nli,3.59
1nlj,9.8
1nlp,4.96
1nlt,4.92
1nm6,10.05
1nmk,8.24
1nnk,5.46
1nnu,6.82
1nny,7.66
1no9,7.62
1noi,3.15
1noj,3.15
1nok,3.15
1nox,7.05
1np0,3.57
1npa,8.7
1npv,8.24
1npw,8.7
1nq0,10.32
1nq7,6.8
1nqc,7.3
1nt1,8.89
1ntk,10.49
1ntv,5.82
1nu1,7.19
1nu3,4.0
1nu8,5.42
1nvq,8.25
1nw4,9.07
1nw7,5.09
1nwl,2.39
1nym,5.4
1nz7,7.12
1nzl,7.15
1nzv,6.4
1o0f,5.3
1o0h,5.92
1o0n,4.09
1o0o,5.1
1o1s,7.31
1o2g,6.12
1o2h,7.17
1o2j,6.92
1o2k,6.92
1o2n,6.09
1o2o,6.36
1o2p,4.85
1o2q,7.68
1o2r,5.21
1o2s,5.47
1o2u,5.85
1o2w,5.85
1o2x,5.85
1o2y,5.85
1o2z,6.11
1o30,6.77
1o32,5.74
1o33,5.74
1o34,5.74
1o35,5.0
1o36,5.96
1o37,6.82
1o38,6.82
1o39,7.13
1o3b,7.13
1o3d,7.13
1o3e,7.96
1o3f,7.96
1o3g,7.96
1o3j,6.77
1o3k,6.77
1o3l,6.54
1o3p,6.66
1o41,3.05
1o42,8.05
1o43,5.66
1o44,8.52
1o45,9.6
1o47,8.4
1o48,6.35
1o49,6.36
1o4a,6.92
1o4b,5.7
1o4d,3.52
1o4e,3.3
1o4f,3.52
1o4h,2.44
1o4p,2.6
1o4q,2.49
1o5a,6.42
1o5b,5.77
1o5c,5.22
1o5e,5.74
1o5f,6.07
1o5g,4.96
1o5m,8.72
1o5r,8.12
1o6h,6.73
1o6i,3.19
1o6q,7.64
1o6r,7.1
1o79,6.39
1o7o,4.49
1o86,9.57
1o8b,2.68
1o9e,4.18
1o9k,6.47
1oai,5.0
1oau,7.7
1oba,2.44
1obx,5.72
1ocn,6.39
1ocq,5.19
1od8,5.1
1odj,4.1
1ody,8.1
1oe0,5.16
1oe7,5.52
1oeb,6.93
1ofz,4.62
1ogd,3.03
1ogg,5.19
1ogu,7.47
1ogx,6.09
1ogz,5.85
1oi9,7.16
1oif,7.72
1oim,5.32
1oiq,5.54
1oir,7.49
1oit,8.52
1oiu,6.68
1oiy,7.19
1oj5,6.1
1okx,6.8
1oky,8.19
1okz,8.3
1ols,5.82
1olu,4.41
1olx,4.33
1om1,6.77
1om2,4.7
1om9,4.15
1onp,7.52
1ony,6.77
1onz,5.1
1oqp,7.3
1ork,8.81
1orw,7.6
1os5,6.85
1osg,7.52
1oss,4.79
1osv,3.48
1oth,7.0
1ouk,9.89
1ov3,6.72
1ow4,5.68
1ow7,5.4
1ow8,5.4
1owe,6.2
1owh,7.4
1owj,7.32
1owk,7.63
1ox9,5.21
1oyn,6.26
1oyq,6.96
1oz0,7.7
1ozv,1.44
1p02,7.17
1p05,5.96
1p06,6.27
1p0y,1.0
1p10,6.7
1p17,2.82
1p1n,6.8
1p1o,5.76
1p1q,4.89
1p28,5.42
1p2a,7.92
1p2g,2.13
1p57,4.4
1p5e,4.81
1p6d,2.94
1p7m,4.38
1pa9,4.6
1pau,9.46
1pb8,5.15
1pb9,3.62
1pbq,6.27
1pcg,7.6
1pdq,5.3
1pf7,10.14
1pf8,7.51
1pfu,2.72
1pfy,8.15
1pg2,4.96
1pgp,5.7
1ph0,6.92
1phw,3.3
1pi4,7.43
1pig,9.15
1pip,5.0
1pk0,7.57
1pkx,6.92
1pl0,8.22
1pme,9.4
1pmn,8.15
1pmu,6.23
1pmv,6.82
1pop,9.0
1pot,5.49
1ppc,6.16
1ppi,5.01
1ppk,7.66
1ppl,8.55
1ppm,5.8
1ppw,4.3
1ppx,7.28
1pq6,8.1
1pqc,7.0
1pr5,3.92
1prm,4.23
1pro,11.3
1ps3,2.28
1pu7,3.1
1pu8,3.1
1pum,3.05
1pun,7.28
1puq,7.28
1pus,7.28
1pvn,9.82
1pw6,5.22
1pwp,6.3
1pwq,4.96
1pwu,5.68
1pwy,4.05
1px4,3.23
1pxh,8.74
1pxi,4.77
1pxj,4.89
1pxk,5.66
1pxl,6.05
1pxm,7.22
1pxn,7.15
1pxo,8.7
1py2,7.22
1py5,7.29
1pye,6.41
1pyg,5.52
1pyw,7.7
1pz5,5.4
1pzi,4.22
1pzj,3.49
1pzo,3.32
1pzp,3.31
1q1g,8.57
1q1m,5.16
1q1y,7.7
1q3d,7.82
1q3w,8.4
1q41,7.66
1q4l,7.4
1q4x,9.48
1q5k,7.42
1q5l,3.22
1q63,5.85
1q65,5.46
1q66,5.77
1q6j,7.8
1q6m,7.89
1q6n,7.64
1q6p,8.52
1q6s,7.92
1q6t,8.3
1q72,6.85
1q7a,7.19
1q83,12.39
1q84,11.05
1q8t,4.76
1q8u,5.96
1q8w,5.24
1q91,4.15
1q95,7.57
1q9m,6.48
1qan,4.48
1qaw,5.12
1qb1,6.77
1qb6,6.06
1qbn,5.85
1qbo,7.74
1qbq,8.3
1qbr,10.57
1qbs,9.47
1qbu,10.24
1qbv,5.39
1qca,5.27
1qcp,7.52
1qf1,7.32
1qf2,5.92
1qf4,6.18
1qf5,7.37
1qfs,9.48
1qft,8.77
1qhc,7.57
1qi0,2.35
1qin,8.0
1qiw,7.74
1qj1,8.05
1qj7,8.1
1qjb,6.38
1qji,4.85
1qk3,5.15
1qk4,4.21
1qka,5.92
1qkt,9.04
1qku,9.59
1ql9,5.35
1qm4,4.3
1qm5,5.82
1qng,7.89
1qnh,6.06
1qpb,1.36
1qpe,7.7
1qpf,7.57
1qq9,2.06
1qr3,6.59
1qs4,5.64
1qsc,3.68
1qtn,7.3
1qvu,4.46
1qw7,3.6
1qwe,5.92
1qwf,6.35
1qx1,2.12
1qxk,5.05
1qxl,7.96
1qxw,5.15
1qxy,4.8
1qxz,4.72
1qy1,6.52
1qy2,5.74
1qyg,6.85
1r0p,8.0
1r0x,3.83
1r1h,8.92
1r1i,8.54
1r2b,4.94
1r4w,4.05
1r58,6.96
1r5g,7.52
1r5n,5.42
1r5v,4.48
1r5y,6.46
1r6g,9.21
1r6n,7.4
1r78,8.52
1r9l,5.4
1rbp,6.72
1rd4,7.74
1rdi,2.06
1rdj,1.66
1rdl,2.24
1rdn,1.84
1rdt,6.7
1re1,5.21
1re8,9.52
1rej,8.3
1rek,6.7
1rev,7.48
1rgl,4.43
1rhj,8.04
1rhm,5.76
1rhq,7.75
1rhu,8.52
1rin,3.15
1riw,7.55
1rjk,10.0
1rlp,5.1
1rlq,5.1
1rmz,8.0
1rne,8.7
1rnt,5.19
1ro6,6.46
1ro7,3.18
1ros,8.77
1rp7,8.52
1rpa,6.0
1rpf,3.99
1rpj,6.48
1rq2,2.52
1rql,2.75
1rr6,10.25
1rri,5.82
1rrw,4.55
1rs4,7.17
1rsd,6.52
1rsi,4.42
1rt2,8.22
1rt9,10.25
1rtf,3.04
1rti,4.77
1rtl,5.59
1ru2,6.49
1rv1,6.85
1rw8,6.76
1rwq,10.0
1rww,8.3
1rxp,7.14
1ryf,8.8
1ryh,7.56
1rzx,4.1
1s26,3.07
1s38,5.15
1s39,7.7
1s3k,6.62
1s4d,6.49
1s50,7.2
1s5q,5.28
1s5z,3.21
1s89,5.24
1s9t,6.82
1s9v,4.0
1sb1,6.89
1sbg,7.74
1sbr,5.0
1sdt,9.27
1sdu,10.07
1sdv,8.74
1sfi,10.0
1sgu,5.37
1shc,7.28
1shd,6.17
1siv,8.08
1sj0,9.1
1sje,8.22
1sjh,8.05
1skj,5.15
1sl3,11.85
1sld,6.57
1sle,6.17
1slg,3.9
1sln,6.64
1sm3,4.62
1sme,11.22
1snk,9.6
1so2,9.57
1soj,6.62
1sqa,9.21
1sqb,7.95
1sqc,6.85
1sqn,9.4
1sqo,7.46
1sqp,8.2
1sr7,10.1
1srg,5.3
1sri,6.08
1ssq,6.0
1stc,8.1
1stp,13.4
1str,4.77
1sv3,4.35
1sve,8.3
1svg,8.7
1svh,6.44
1sw1,7.3
1swk,12.0
1swp,11.0
1syh,6.41
1syo,9.0
1sz0,9.0
1t13,7.38
1t1r,5.4
1t1s,5.15
1t29,6.05
1t31,8.64
1t37,4.35
1t46,6.43
1t48,3.46
1t49,4.66
1t4e,7.1
1t4j,5.1
1t4v,7.68
1t69,6.32
1t7d,6.03
1t7j,8.7
1ta2,8.52
1ta6,9.13
1tbz,9.8
1tcx,6.95
1td7,4.37
1tet,6.08
1tfq,7.92
1tft,8.3
1tfz,8.15
1tg5,7.92
1thl,6.42
1thr,5.38
1ths,7.54
1tjp,4.42
1tkb,8.0
1tkc,4.85
1tkt,6.15
1tkx,7.54
1tl3,6.2
1tl9,5.52
1tlo,4.0
1tlp,7.55
1tmm,6.64
1tmn,7.3
1tng,2.93
1tnh,3.37
1tni,4.0
1tnj,1.96
1tnk,1.49
1tnl,1.88
1tog,3.22
1toi,4.05
1tok,2.47
1tps,8.0
1tpw,3.3
1tpz,6.19
1tr7,6.82
1trd,5.4
1tsl,6.15
1tsm,6.0
1tsv,4.8
1tt1,8.15
1ttm,7.35
1tuf,4.05
1tv6,5.4
1tve,5.68
1tvo,6.85
1tx7,4.6
1txr,7.74
1tys,5.49
1tze,6.83
1u0g,6.15
1u1b,7.8
1u1w,5.85
1u2y,1.74
1u33,4.6
1u3q,8.46
1u3r,8.3
1u3s,8.85
1u59,7.25
1u65,7.58
1u6q,5.88
1u71,7.48
1u8t,4.26
1u9e,8.24
1u9l,5.02
1u9q,8.33
1u9v,8.22
1u9w,8.46
1ua4,4.22
1ucn,5.22
1udt,9.3
1uef,5.49
1ugp,2.89
1ugw,3.09
1ugx,5.91
1ugy,3.72
1uh1,5.48
1uho,9.22
1ui0,7.06
1uj0,4.57
1uj5,3.05
1ujj,6.1
1uk0,8.1
1uk1,7.22
1ukh,6.38
1ule,5.92
1ulg,4.21
1uml,7.52
1umw,6.55
1ung,6.8
1unh,7.0
1unl,6.7
1uod,3.11
1uom,7.72
1uou,7.7
1upf,4.6
1ur9,5.77
1urc,4.72
1urw,8.52
1usi,6.74
1usk,6.4
1usn,7.74
1utc,4.55
1uti,5.62
1utn,3.49
1uto,2.27
1utp,1.44
1utr,8.0
1utz,5.85
1uu3,6.12
1uu8,5.05
1uu9,5.4
1uv5,8.3
1uv6,5.12
1uvr,6.0
1uvs,5.4
1uvt,7.64
1uvu,5.0
1uw6,7.34
1uwb,8.34
1uwf,6.82
1uwh,7.66
1uwt,5.97
1uwu,5.98
1ux7,3.0
1uxa,2.3
1uxb,2.15
1uy8,4.12
1uy9,4.82
1uyg,4.27
1uyh,4.84
1uyk,4.77
1uym,6.0
1uys,3.6
1uz1,6.89
1uz4,3.4
1v0k,5.1
1v0m,5.1
1v0n,7.55
1v0o,5.26
1v0p,6.89
1v11,3.98
1v16,3.87
1v1j,4.82
1v1k,4.46
1v2h,5.3
1v2j,3.25
1v2k,6.19
1v2l,4.29
1v2m,4.29
1v2n,5.9
1v2o,4.73
1v2p,4.73
1v2q,4.13
1v2s,4.17
1v2t,4.71
1v2u,3.37
1v2v,3.37
1v2w,4.01
1v48,7.8
1v79,7.89
1v7a,8.01
1vcj,4.59
1vcu,3.85
1vea,7.52
1veb,7.41
1vfn,5.6
1vij,9.52
1vik,9.52
1vj5,6.92
1vj6,5.1
1vj9,7.55
1vjb,7.89
1vjc,3.58
1vkj,4.85
1vr1,6.89
1vru,7.0
1vsn,9.7
1vso,4.72
1vwf,6.51
1vwl,5.63
1vwn,5.82
1vyg,8.0
1vyq,5.3
1vyw,7.43
1vyz,6.54
1vzq,7.44
1w0x,5.3
1w0y,6.42
1w0z,7.68
1w10,7.55
1w13,8.7
1w14,8.52
1w1d,6.52
1w1g,7.68
1w1p,2.3
1w1t,2.96
1w1v,2.2
1w1y,2.62
1w2g,4.57
1w2h,5.0
1w2k,6.46
1w2x,5.14
1w3j,6.32
1w3k,4.3
1w3l,6.28
1w4o,5.22
1w4p,4.74
1w4q,5.26
1w51,6.3
1w5v,8.15
1w5w,8.8
1w5y,8.48
1w6j,8.19
1w6r,6.15
1w6y,5.36
1w70,3.7
1w76,6.15
1w7g,5.1
1w7x,8.4
1w80,4.54
1w82,6.71
1w83,7.19
1w84,4.46
1w8l,0.49
1w8m,1.6
1w96,8.41
1w9u,6.09
1w9v,6.34
1way,3.4
1wb0,5.35
1wbg,3.0
1wbn,6.46
1wbs,6.2
1wbt,6.47
1wbv,3.79
1wc1,4.0
1wc6,4.0
1wcc,3.46
1wcq,6.26
1wdn,6.3
1wdq,1.98
1wdr,2.52
1wdy,7.89
1we2,4.36
1wht,3.7
1wm1,6.3
1wn6,4.68
1wok,7.48
1wqv,6.89
1ws1,9.55
1ws4,3.0
1wss,7.77
1wtg,7.03
1wu1,7.74
1wug,5.8
1wum,5.29
1wun,7.21
1wuq,8.27
1wur,6.66
1wv7,7.26
1wvc,4.46
1wvj,6.73
1wzy,6.25
1x0n,7.7
1x11,6.49
1x6u,3.22
1x70,7.74
1x76,8.72
1x78,7.85
1x7a,7.89
1x7b,8.39
1x7e,5.97
1x7r,8.05
1x81,9.19
1x8b,7.01
1x8d,2.21
1x8j,6.96
1x8r,6.12
1x8t,7.8
1x9d,3.96
1xa5,6.5
1xap,8.7
1xb7,6.22
1xbb,5.3
1xbc,7.92
1xd0,7.12
1xdd,6.7
1xff,4.82
1xfv,3.89
1xge,4.68
1xgi,4.85
1xh3,5.51
1xh4,7.47
1xh5,5.47
1xh6,7.32
1xh7,6.82
1xh8,5.77
1xh9,7.77
1xhm,6.33
1xhy,6.18
1xk5,6.0
1xk9,6.85
1xka,6.88
1xkk,8.52
1xlx,7.6
1xlz,6.02
1xmu,9.08
1xmy,7.3
1xn0,6.24
1xn2,10.52
1xn3,7.4
1xnx,6.38
1xnz,6.62
1xo2,6.07
1xoe,7.39
1xog,6.39
1xon,10.68
1xor,6.41
1xot,5.42
1xow,9.28
1xoz,8.92
1xp0,9.0
1xp1,9.3
1xp9,8.89
1xpc,8.77
1xq0,6.34
1xqc,7.2
1xr8,6.7
1xr9,7.15
1xs7,7.6
1xsc,4.3
1xt3,5.7
1xuc,7.14
1xug,7.05
1xuo,7.16
1xur,5.18
1xws,8.0
1xxe,5.41
1xxi,5.52
1xzx,10.22
1y0l,9.0
1y0x,8.7
1y19,6.77
1y1m,1.82
1y20,5.32
1y2a,7.34
1y2b,4.09
1y2c,6.57
1y2d,5.7
1y2f,4.92
1y2k,7.68
1y3a,5.41
1y3g,7.4
1y3n,5.55
1y3p,4.82
1y3w,5.77
1y3x,5.14
1y4z,7.24
1y57,5.79
1y6a,7.66
1y6b,7.42
1y6q,11.7
1y6r,10.11
1y8o,5.89
1y91,7.23
1y98,5.43
1ya4,4.82
1ybg,4.8
1yc4,6.55
1yc5,3.0
1ycm,8.0
1yda,6.55
1ydb,8.24
1ydk,5.89
1ydr,5.52
1yds,5.92
1yej,7.46
1yfz,4.35
1yhm,3.83
1yhs,8.0
1yi3,5.4
1yid,5.0
1yk7,7.72
1ykr,6.25
1ylv,2.7
1ym1,6.24
1ym2,8.0
1ym4,7.41
1ymx,4.85
1you,9.06
1ype,8.1
1ypg,8.0
1ypj,7.02
1yq7,7.09
1yqj,8.14
1yqy,7.62
1yrs,6.35
1ysg,3.52
1ysi,7.44
1yt7,9.89
1yvf,7.0
1yvh,7.37
1yvm,6.4
1yw2,6.85
1yw8,8.0
1ywh,7.79
1ywi,3.43
1yxd,5.3
1yy4,8.6
1yye,8.57
1yyr,6.29
1yyy,5.09
1yz3,8.81
1z1h,8.4
1z1r,9.22
1z2b,6.4
1z34,3.38
1z3c,4.0
1z3j,8.0
1z3t,3.94
1z3v,4.11
1z4n,4.52
1z4o,4.52
1z4u,7.15
1z5m,7.52
1z6d,2.34
1z6e,9.72
1z6f,4.89
1z6j,8.03
1z6p,6.05
1z6q,6.7
1z71,9.18
1z95,7.12
1z9g,5.64
1z9h,3.0
1z9y,7.19
1zaf,7.7
1zaj,5.1
1zc9,3.22
1zd5,4.87
1zdp,5.74
1ze8,7.68
1zea,5.22
1zeo,6.68
1zfp,7.59
1zfq,7.52
1zgb,8.06
1zgv,6.0
1zh7,6.3
1zhk,4.45
1zkk,4.48
1zkl,5.09
1zkn,4.51
1zky,6.25
1zm6,4.35
1zoe,7.4
1zog,7.15
1zp8,8.77
1zpa,8.4
1zpb,6.07
1zrz,5.24
1zs0,6.15
1zsb,0.6
1zsf,9.92
1zsh,7.07
1ztq,8.89
1zub,6.57
1zuc,8.77
1zvx,9.22
1zxc,8.1
1zxv,6.1
1zyr,5.74
1zz2,5.22
1zzl,8.3
1zzz,5.14
220l,3.4
223l,3.4
2a0c,7.3
2a0t,4.82
2a14,5.7
2a2g,7.0
2a2x,7.69
2a3a,2.82
2a3i,6.05
2a3x,6.92
2a4g,7.18
2a4l,6.4
2a4m,4.52
2a4q,7.18
2a4w,8.29
2a4z,6.6
2a58,4.92
2a5c,4.62
2a5s,6.7
2a5u,8.1
2a8g,3.69
2aa9,2.92
2aac,2.22
2ada,13.0
2adm,5.7
2ael,6.29
2afw,4.77
2agv,7.7
2ai7,6.4
2ai8,6.8
2aia,5.41
2aie,5.66
2aj8,6.2
2ajb,5.5
2ajl,7.89
2al5,8.4
2alv,4.15
2am2,5.1
2am4,3.72
2am9,8.41
2ama,8.0
2amt,4.44
2amv,8.8
2an5,5.68
2anl,6.96
2anm,8.74
2aoc,4.89
2aod,5.66
2aoe,7.62
2aof,4.55
2aog,6.28
2aoh,4.44
2aoj,4.66
2aou,7.73
2aow,7.42
2aox,7.42
2aq7,3.3
2aq9,7.3
2aqb,3.3
2aqu,9.32
2arm,7.68
2ath,6.82
2auc,4.08
2aux,9.3
2avi,15.22
2avm,5.7
2avo,8.85
2avs,7.57
2avv,9.26
2aw1,7.37
2ax6,7.57
2ax9,9.52
2axi,6.85
2ay1,2.29
2ay2,1.88
2ay3,3.55
2ay4,2.91
2ay5,2.59
2ay6,3.11
2ay7,2.3
2ay8,2.24
2ay9,2.16
2ayp,8.15
2ayr,9.29
2az5,5.27
2az8,8.22
2az9,7.66
2azb,7.19
2azc,6.74
2azm,5.66
2azr,3.64
2b07,6.43
2b17,6.21
2b1g,6.64
2b1i,6.82
2b1p,8.52
2b1v,5.74
2b4m,3.53
2b54,7.7
2b55,7.02
2b5j,9.1
2b7a,9.0
2b7d,8.7
2b7f,7.3
2b8l,7.82
2b8v,7.01
2baj,8.4
2bal,6.31
2ban,9.0
2bb7,5.67
2bba,7.15
2bbb,8.62
2bcd,10.22
2bdf,7.17
2bdj,9.35
2bdl,7.82
2bdy,7.77
2be2,8.7
2bes,4.24
2bet,2.77
2bfq,6.89
2bfr,5.25
2bgd,5.0
2bge,2.8
2bgn,5.7
2bj4,4.47
2bks,7.43
2bkz,8.15
2bmc,7.57
2bmg,7.74
2bmk,5.62
2bmv,2.0
2bmz,3.7
2bo4,4.61
2boh,8.52
2boi,4.32
2boj,5.77
2bok,6.55
2bow,4.0
2bpm,8.7
2bpv,7.67
2bpy,7.4
2bq7,7.05
2bqv,8.05
2bqw,8.52
2br1,5.14
2br6,2.96
2br8,7.49
2brb,4.86
2brc,5.05
2brg,5.21
2bro,5.85
2brp,4.0
2btr,7.02
2bu5,7.78
2bua,4.52
2bub,7.05
2buc,7.0
2buv,4.0
2bv4,3.22
2bvd,6.0
2bve,3.67
2bvr,3.7
2bvx,8.7
2bw7,5.7
2bxt,8.52
2bxu,7.15
2byh,6.59
2byi,6.34
2byp,9.06
2byr,8.55
2bys,9.52
2bz6,7.09
2bz8,5.6
2bzz,6.43
2c02,4.04
2c0o,5.91
2c1a,6.77
2c1b,6.4
2c1n,4.11
2c1p,5.4
2c1q,13.0
2c2l,5.55
2c3i,7.6
2c3j,6.18
2c3k,7.59
2c4f,7.7
2c4v,2.6
2c4w,4.7
2c5n,6.66
2c5o,5.19
2c5x,6.6
2c68,5.74
2c6c,7.52
2c6g,3.37
2c6i,4.96
2c6m,6.46
2c6n,6.88
2c6o,8.22
2c80,5.33
2c8w,8.43
2c8x,6.66
2c8y,4.0
2c90,3.48
2c92,5.68
2c93,4.92
2c94,6.82
2c97,6.14
2c9d,6.32
2c9t,7.48
2cbj,8.27
2cbr,6.85
2cbs,8.22
2cbu,5.68
2cbv,5.48
2cbz,3.93
2cc7,8.01
2ccb,7.45
2ccc,7.76
2cct,5.02
2ce9,6.03
2cej,8.62
2cem,7.92
2cen,8.3
2ceo,10.0
2ceq,7.28
2cer,9.22
2ces,7.25
2cet,8.02
2cex,4.7
2cf8,8.1
2cf9,7.82
2cfd,7.49
2cfg,7.44
2cgf,6.41
2cgr,7.28
2cgu,4.87
2cgw,4.76
2cgx,4.81
2chm,8.26
2cht,5.52
2chw,4.77
2cji,8.22
2ckm,8.82
2cle,3.55
2clf,3.55
2clh,4.06
2cli,4.3
2clm,3.55
2clo,4.06
2clv,7.88
2clx,4.88
2cm7,6.68
2cm8,5.87
2cma,6.73
2cmc,5.76
2cmf,7.55
2cmo,6.4
2cn0,7.66
2cn8,5.46
2cne,8.77
2cnf,6.62
2cnh,7.23
2csm,4.3
2csn,4.41
2ctc,3.89
2cv3,6.57
2cvd,6.1
2d06,4.08
2d0k,5.02
2d1n,8.15
2d1x,5.1
2d2v,1.0
2d3u,6.92
2d41,6.82
2dbl,8.7
2ddf,7.39
2dq7,8.32
2drc,9.89
2dri,6.89
2ds1,8.47
2dua,4.77
2duv,7.06
2dxs,7.34
2e1w,7.96
2e27,9.35
2e2b,7.96
2e2p,4.74
2e2r,8.26
2e5y,5.85
2e7l,7.54
2e91,6.59
2e92,6.89
2e93,6.96
2e94,8.0
2e95,7.1
2e98,6.23
2e9c,5.96
2e9d,5.89
2e9u,8.1
2ea2,7.8
2ea4,7.34
2eep,7.06
2eg8,4.5
2eh8,7.96
2emt,6.7
2er0,6.38
2er9,7.4
2etm,6.67
2etr,6.82
2euf,7.82
2euk,6.6
2eum,6.7
2evc,6.54
2evm,6.16
2evo,7.17
2ew6,4.97
2ewp,7.1
2ewy,6.15
2exc,6.63
2exm,4.11
2ez5,5.52
2ez7,4.36
2f01,13.0
2f0z,4.77
2f18,4.1
2f1a,3.14
2f1b,3.0
2f1g,7.54
2f2h,5.7
2f34,6.89
2f3f,6.72
2f3k,7.89
2f3r,6.3
2f4j,5.66
2f5t,5.17
2f6t,4.62
2f6v,4.43
2f6y,3.87
2f6z,5.32
2f70,4.47
2f71,5.6
2f7i,7.1
2f7p,6.6
2f81,10.52
2f89,6.48
2f8g,8.7
2f8i,7.26
2f9b,6.52
2f9k,7.07
2f9u,7.39
2f9v,7.82
2fai,6.24
2fci,7.15
2fda,6.3
2feq,8.86
2fes,9.01
2ff1,8.21
2ff2,8.21
2fgh,6.55
2fgi,7.34
2fgu,9.18
2fgv,6.12
2fhy,5.96
2fie,5.46
2fix,6.24
2fj0,7.66
2fjm,6.85
2fjn,7.41
2fjp,8.37
2fky,8.59
2fl2,8.7
2fl5,8.74
2fl6,7.42
2flb,5.74
2fle,7.85
2flr,6.1
2flu,7.7
2fm0,9.4
2fm2,8.15
2fm5,7.37
2fmb,8.7
2fme,6.98
2fo4,7.22
2fou,7.1
2fov,7.55
2foy,6.92
2fq6,7.1
2fqo,6.43
2fqt,6.14
2fqw,6.68
2fqy,6.57
2fr3,8.7
2fr8,3.15
2fs8,7.6
2fs9,8.52
2fsv,4.6
2ftd,10.39
2fts,7.05
2fum,6.1
2fuu,5.57
2fv5,11.7
2fv9,7.22
2fvd,8.52
2fw3,6.42
2fw6,2.92
2fwp,2.92
2fwy,6.7
2fwz,7.3
2fx6,3.7
2fx7,7.7
2fx8,6.52
2fx9,7.77
2fxs,6.06
2fxu,8.15
2fxv,5.35
2fys,4.36
2fyv,3.52
2fzc,2.7
2fzz,10.52
2g0g,6.29
2g0h,7.64
2g19,5.85
2g1q,7.36
2g1y,7.05
2g24,5.4
2g2r,7.89
2g5p,8.42
2g5t,9.09
2g5u,8.49
2g63,8.17
2g70,7.77
2g71,7.46
2g72,6.5
2g78,6.92
2g79,6.92
2g8n,7.2
2g8r,3.99
2g96,4.28
2g97,6.82
2g9u,6.08
2g9v,5.92
2g9x,7.35
2gbf,7.92
2gbg,7.25
2gc8,5.51
2gcd,5.52
2gd8,7.41
2gdo,9.49
2gek,7.52
2gfa,4.98
2gfd,6.28
2gfj,3.82
2gfk,4.52
2gfs,6.15
2gg0,5.77
2gg2,6.6
2gg3,6.24
2gg5,6.6
2gg7,5.76
2gg8,4.6
2gga,1.96
2ggb,4.92
2ggd,3.8
2ggx,3.49
2gh6,4.95
2gh9,6.0
2ghg,8.82
2giu,8.82
2gj4,6.5
2gkl,5.35
2gl0,4.82
2glm,5.37
2glp,5.01
2gm1,7.0
2gm9,7.39
2gmk,3.23
2gmv,6.2
2gmx,7.11
2gnh,6.83
2gni,5.64
2gnj,5.22
2gnl,7.24
2go4,5.15
2gph,5.3
2gpp,5.7
2gqn,5.35
2gss,4.94
2gst,6.07
2gsu,3.59
2gtv,5.15
2gv6,7.34
2gv7,7.85
2gvd,7.0
2gvf,7.6
2gvj,9.52
2gyi,7.0
2gz2,5.22
2gz7,6.52
2gz8,5.52
2gzl,4.82
2h02,6.49
2h03,7.05
2h13,5.35
2h15,5.67
2h1h,4.52
2h2d,5.37
2h2h,4.98
2h2j,5.38
2h3e,5.7
2h42,8.62
2h4k,5.49
2h4n,8.7
2h5a,5.1
2h5d,8.19
2h5e,8.25
2h5i,8.89
2h6b,5.39
2h6k,5.06
2h6q,5.11
2h6t,7.22
2h96,6.64
2h9m,4.46
2h9t,4.7
2ha2,4.66
2ha3,3.03
2ha4,2.7
2ha5,4.34
2ha6,4.32
2ha7,3.36
2hah,8.0
2hai,6.28
2haw,4.92
2hb1,3.8
2hb3,11.35
2hb9,4.82
2hd1,3.3
2hd6,7.8
2hdq,1.4
2hds,2.0
2hdu,2.3
2hdx,6.26
2hf8,5.47
2hha,6.91
2hhn,7.49
2hiw,8.1
2hjb,4.39
2hk5,7.34
2hkf,6.38
2hm1,8.7
2hmh,7.15
2hmu,7.7
2hmv,7.7
2hmw,7.7
2hnc,7.22
2hny,5.93
2hob,5.72
2hog,9.52
2hpa,4.6
2hqu,5.14
2hr6,4.82
2hrp,8.3
2hs1,8.48
2hs2,8.31
2hu6,3.81
2hug,5.97
2hvc,8.82
2hvx,7.54
2hw2,2.97
2hwg,3.55
2hwh,5.7
2hwi,5.52
2hwo,6.9
2hxl,7.92
2hxm,5.22
2hy0,9.19
2hyy,6.77
2hzi,7.15
2hzl,6.57
2hzn,7.39
2hzy,7.39
2i0d,12.1
2i0e,8.7
2i0g,9.72
2i0h,8.05
2i0j,8.57
2i0y,7.62
2i19,7.8
2i2c,4.7
2i3h,7.4
2i3i,7.3
2i3v,6.55
2i3z,8.7
2i40,5.8
2i47,8.66
2i4d,11.68
2i4t,9.0
2i4u,11.57
2i4v,11.2
2i4w,11.59
2i4z,5.7
2i5f,5.12
2i5j,6.3
2i6b,7.17
2i72,7.43
2i80,5.4
2ica,7.7
2idk,5.54
2idw,8.89
2ie4,10.0
2ieh,6.96
2ien,9.0
2ieo,8.49
2igv,2.23
2igw,1.31
2ihj,4.59
2ihq,8.49
2iit,8.59
2iiv,8.18
2iko,5.45
2ilp,4.82
2ima,6.52
2imb,4.22
2imd,8.3
2in6,7.64
2iog,8.1
2iok,9.0
2ipo,5.06
2iqg,8.3
2irz,7.92
2is0,6.7
2isc,8.42
2isv,7.43
2itk,7.69
2itp,7.95
2itt,8.77
2ity,7.27
2itz,8.59
2iu0,6.89
2iuz,5.55
2iv9,4.34
2ivu,6.43
2ivz,6.04
2iw6,6.85
2iw8,6.99
2iws,6.36
2iyf,3.75
2izl,6.0
2izx,9.4
2j27,3.52
2j2i,6.7
2j2u,7.33
2j3q,6.15
2j4g,6.6
2j4k,4.85
2j4q,4.46
2j4z,7.19
2j50,7.89
2j62,11.34
2j6m,7.96
2j75,6.65
2j77,4.89
2j78,6.42
2j79,5.96
2j7e,7.32
2j7f,6.35
2j7g,7.0
2j7h,7.19
2j83,4.21
2j94,6.27
2j95,8.4
2j9a,5.89
2j9h,3.39
2j9l,4.0
2j9n,4.7
2ja3,4.0
2jaj,4.6
2jal,4.82
2jb5,9.22
2jb6,10.96
2jbj,9.7
2jbl,5.89
2jbo,8.07
2jbp,8.07
2jbu,3.4
2jbv,3.54
2jc0,4.7
2jdh,6.51
2jdk,6.54
2jdl,9.43
2jdm,5.4
2jdo,6.64
2jdp,6.6
2jds,8.2
2jdt,6.77
2jdu,6.72
2jdv,8.2
2jf4,8.15
2jfh,3.06
2jfz,5.24
2jg0,7.82
2jgs,6.62
2jh0,8.7
2jjb,7.92
2jk7,7.17
2jk9,6.82
2jke,4.23
2jkh,8.05
2jkk,8.2
2jkm,7.75
2jko,8.11
2jkp,4.23
2jkq,8.11
2jkr,6.07
2jkt,6.51
2jle,6.42
2jo9,4.28
2joa,5.96
2jq9,4.48
2jqi,5.0
2jqk,3.4
2jql,6.52
2jst,2.59
2jt5,7.74
2jup,3.81
2k00,4.62
2k0g,6.97
2k0x,5.68
2k1q,6.22
2k2r,2.89
2k31,8.7
2k3w,5.24
2k46,4.58
2k4i,3.84
2k62,4.7
2kaw,4.97
2kbr,4.6
2kbs,5.0
2kce,6.17
2ke1,5.3
2kff,3.61
2kfg,2.92
2kfh,2.62
2kgi,6.12
2khh,6.56
2kmx,4.08
2knh,5.15
2ko7,5.19
2koh,5.22
2kp8,4.0
2kpl,6.64
2ks9,2.04
2ksa,3.06
2ksb,3.12
2ksp,4.24
2kvm,3.96
2l11,4.82
2l12,4.26
2l1b,3.96
2l1r,3.57
2l65,4.22
2l6e,6.0
2l75,6.05
2l84,7.72
2l8j,5.52
2l8r,3.92
2l98,3.61
2las,5.74
2lbm,6.57
2lbv,7.59
2lct,5.14
2lgf,5.57
2lh8,4.18
2lha,5.19
2liq,5.85
2lk1,4.09
2lkk,6.7
2lko,5.67
2ll6,10.0
2ll7,8.8
2llo,5.82
2llq,5.82
2lnw,5.85
2lo6,3.95
2loz,4.06
2lp8,7.52
2lpr,8.89
2lsv,5.27
2lto,3.11
2ltv,5.16
2ltw,4.22
2ltx,5.39
2lty,5.38
2ltz,5.35
2lwi,3.11
2ly0,4.8
2lya,4.19
2lyb,4.46
2lyw,4.52
2lzg,7.77
2m0o,5.38
2m0u,6.44
2m0v,5.97
2m3m,5.02
2m3o,5.3
2m3z,6.57
2m41,5.1
2mc1,4.15
2mg5,6.15
2mip,8.46
2mji,4.25
2mkr,6.27
2mlm,5.21
2mnz,5.19
2mov,7.4
2mow,5.96
2mpa,8.04
2mpm,5.89
2mps,5.41
2mwo,4.7
2mwp,6.05
2mwy,6.82
2n0u,6.22
2n0w,6.15
2n14,5.33
2n1g,5.64
2n27,6.55
2n3k,6.8
2n7b,3.55
2n9e,5.05
2n9x,6.4
2nd0,3.2
2ndf,4.23
2ndg,4.71
2ndo,3.25
2nm1,7.47
2nmb,6.28
2nmx,5.57
2nmy,8.37
2nmz,8.37
2nn7,6.52
2nn8,3.59
2nnd,6.06
2nng,5.36
2nnk,8.37
2nno,6.4
2nnp,8.37
2nnq,8.7
2nns,6.05
2nnv,7.52
2np8,7.38
2np9,5.57
2nq7,5.54
2nqg,6.48
2nqi,6.11
2nsl,4.68
2nsx,7.2
2nta,4.8
2ntf,6.52
2nv7,8.3
2nwn,6.3
2nww,5.48
2nxd,5.66
2nxl,6.27
2nyr,4.66
2o1c,4.72
2o1v,5.3
2o22,7.17
2o2u,6.4
2o3p,5.96
2o3z,5.7
2o4j,10.1
2o4k,10.46
2o4n,7.82
2o4p,10.72
2o4r,9.4
2o4s,10.51
2o5d,5.15
2o5k,7.82
2o64,6.47
2o65,6.19
2o7e,6.22
2o7v,5.96
2o8h,7.6
2o9a,3.81
2o9j,6.92
2o9k,4.11
2o9r,1.68
2o9v,3.54
2oa0,6.92
2oag,8.47
2oah,7.96
2oaz,8.7
2obf,8.85
2obo,7.24
2oc1,5.37
2oc2,8.52
2oc4,7.07
2oc7,5.85
2oc9,7.96
2odd,3.96
2oei,3.91
2of2,6.68
2of4,7.09
2off,6.52
2ofu,9.0
2ofv,9.7
2og8,9.3
2ogy,4.48
2ogz,7.08
2oh0,7.74
2oh4,8.46
2ohl,3.05
2ohm,3.51
2ohp,4.03
2ohq,4.6
2ohr,4.0
2ohs,4.4
2oht,5.04
2ohu,5.38
2ohv,6.46
2oi0,7.55
2oi3,6.64
2oic,8.4
2oiq,5.0
2oj9,6.41
2ojf,6.96
2ojg,5.64
2ok1,6.26
2olb,5.54
2ole,7.25
2on3,9.0
2on6,6.76
2onb,5.57
2onc,7.89
2ony,6.68
2onz,8.89
2oo8,9.0
2ooh,5.89
2ooz,5.15
2op3,6.31
2op9,5.66
2opb,8.74
2oph,7.8
2oq6,3.6
2oqi,8.49
2oqs,5.89
2oqv,8.4
2or4,5.02
2or9,6.3
2ork,2.85
2osc,7.77
2osf,3.83
2osm,6.2
2ot1,4.0
2ou7,3.81
2ov4,4.74
2ovx,8.7
2ovz,7.89
2ow0,6.7
2ow1,9.0
2ow3,8.52
2ow7,4.85
2ow9,7.52
2owb,6.36
2oxd,6.82
2oxn,7.44
2oxx,6.7
2oxy,6.52
2oyk,5.3
2oyl,6.3
2oym,5.0
2oz2,5.71
2oz6,5.26
2oz7,7.85
2ozr,9.17
2p0d,7.0
2p15,10.3
2p2a,6.12
2p2h,7.17
2p2i,7.42
2p33,7.24
2p3a,7.96
2p3b,8.48
2p3c,7.62
2p3d,6.74
2p3g,6.9
2p3i,3.48
2p3o,2.77
2p4i,8.0
2p4j,8.96
2p4s,9.51
2p4y,9.0
2p53,7.46
2p59,7.3
2p7a,6.1
2p7g,6.53
2p83,7.96
2p8n,3.15
2p8s,7.68
2p98,6.19
2p99,5.94
2p9a,5.18
2pax,6.74
2pbw,8.25
2pcp,8.7
2pcu,3.04
2pe0,7.1
2pe1,8.3
2pe2,8.4
2peh,5.96
2pem,3.64
2pfy,6.52
2pgj,3.59
2ph8,5.74
2phb,9.49
2pix,4.3
2piy,7.7
2piz,6.77
2pj0,8.09
2pj1,8.01
2pj2,7.92
2pj3,8.18
2pj5,7.82
2pj6,7.31
2pj7,7.77
2pj8,7.74
2pj9,7.92
2pja,8.66
2pjb,7.72
2pjc,8.72
2pjl,6.72
2pjt,6.07
2pk5,10.7
2pks,4.96
2pl0,7.21
2pl9,4.17
2pmc,4.19
2pmk,5.92
2pmn,5.2
2pnc,3.33
2pnx,5.1
2pog,9.54
2pou,7.42
2pov,7.12
2pq9,8.11
2pqb,7.2
2pqc,5.74
2pqj,8.2
2pql,7.28
2pr9,7.37
2pre,6.65
2pri,2.91
2prj,4.49
2psu,7.62
2psv,7.24
2psx,5.77
2pt9,4.46
2pu0,7.82
2pu1,5.85
2puy,4.52
2pv1,7.14
2pv2,5.91
2pvh,6.59
2pvj,8.1
2pvl,7.62
2pvm,6.44
2pvu,6.31
2pvv,3.36
2pwc,6.57
2pwd,4.4
2pwg,4.82
2pwr,6.59
2py4,6.7
2pyi,3.75
2pym,6.82
2pyn,7.57
2pyy,4.6
2pze,6.08
2pzi,6.1
2pzy,7.47
2q15,7.96
2q1q,8.15
2q2a,7.41
2q2c,6.38
2q2n,6.48
2q2y,8.8
2q2z,8.7
2q38,5.23
2q55,8.69
2q5k,11.3
2q63,7.18
2q6c,7.78
2q6f,5.44
2q6h,3.6
2q70,8.08
2q72,2.68
2q7m,8.8
2q7o,7.92
2q7q,5.3
2q7y,4.3
2q88,5.8
2q8g,7.06
2q8h,3.0
2q8i,3.4
2q8y,3.99
2q8z,5.68
2q92,5.96
2q93,6.25
2q94,6.43
2q96,5.92
2q9m,7.21
2q9n,6.37
2q9y,4.44
2qa8,6.0
2qbp,8.4
2qbq,7.44
2qbr,6.33
2qbs,6.68
2qbx,5.22
2qc6,7.0
2qcd,3.4
2qcf,3.49
2qcg,4.0
2qch,3.6
2qcn,5.0
2qd6,8.68
2qd7,9.1
2qd8,9.07
2qd9,7.89
2qdt,5.19
2qe4,7.96
2qe5,5.79
2qf6,6.49
2qfo,4.7
2qft,5.26
2qfu,4.18
2qg0,5.72
2qg2,5.4
2qhd,5.38
2qhm,6.18
2qhn,6.01
2qhr,7.39
2qhz,7.28
2qi0,7.38
2qi1,7.3
2qi3,10.2
2qi4,10.44
2qi5,10.85
2qi6,10.57
2qi7,10.21
2qic,5.48
2qiq,4.1
2qju,4.1
2qk5,8.1
2qk8,7.91
2qki,6.41
2qky,9.61
2ql5,8.1
2ql7,6.26
2ql9,9.03
2qlb,5.89
2qlf,8.85
2qlj,5.36
2qlm,5.64
2qln,5.43
2qlq,6.63
2qm7,5.89
2qm9,7.77
2qmd,8.3
2qmf,8.52
2qmj,4.21
2qn1,4.77
2qn2,4.55
2qnb,5.34
2qnn,7.15
2qnp,6.41
2qnq,6.11
2qnx,5.62
2qnz,5.42
2qo1,5.57
2qo8,8.47
2qoa,7.28
2qoh,7.7
2qp8,8.1
2qpj,6.35
2qq7,5.24
2qrg,5.18
2qrh,4.71
2qrk,4.26
2qrl,4.0
2qrm,4.03
2qrp,6.2
2qrq,5.1
2qry,8.64
2qta,5.76
2qtb,8.32
2qtr,5.49
2qtt,4.32
2qu2,5.43
2qu3,6.23
2qu5,8.06
2qu6,8.52
2qv7,3.66
2qve,2.32
2qw1,3.9
2qwc,3.55
2qwd,4.85
2qwe,7.48
2qwf,5.67
2qwg,3.64
2qx0,6.11
2qyk,5.48
2qyl,6.19
2qyn,6.24
2qzk,7.57
2qzl,8.1
2qzr,7.26
2qzx,8.22
2r02,5.1
2r05,5.15
2r0h,3.51
2r0u,9.0
2r1w,4.6
2r1y,4.51
2r23,3.72
2r2b,4.2
2r2l,9.0
2r2m,7.33
2r2w,4.47
2r3c,5.66
2r3f,6.3
2r3h,4.7
2r3j,8.0
2r3m,8.0
2r3n,7.15
2r3o,6.22
2r3p,6.05
2r3t,5.85
2r3w,6.89
2r43,6.0
2r4b,7.18
2r4f,8.82
2r58,2.0
2r59,8.19
2r5a,2.6
2r5b,8.6
2r5p,8.48
2r5q,8.57
2r64,7.52
2r6f,8.0
2r6w,9.36
2r6y,9.49
2r75,6.15
2r7b,7.22
2r8q,3.24
2r9b,6.57
2r9s,6.82
2r9w,5.1
2r9x,4.85
2ra0,7.8
2ra6,4.52
2rc8,6.52
2rc9,7.4
2rcb,6.79
2rcu,6.68
2rcw,8.1
2rcx,9.0
2rd6,8.3
2reg,5.64
2rf2,8.44
2rfh,6.82
2rfn,8.3
2rg5,8.51
2ri9,3.22
2ria,2.57
2rip,7.19
2rjp,7.0
2rjr,1.94
2rjs,2.28
2rk8,3.64
2rka,3.0
2rkd,2.72
2rke,4.08
2rkf,9.08
2rkg,8.09
2rkm,3.9
2rkn,7.22
2rl5,8.4
2rly,3.57
2rm0,4.03
2rnw,2.98
2rnx,3.4
2rny,3.66
2rok,4.35
2rol,4.62
2rqu,4.63
2rr4,4.78
2rvn,6.77
2sfp,1.7
2srt,6.64
2std,9.85
2tmn,5.89
2toh,4.15
2tsr,7.54
2upj,7.39
2uue,6.13
2uuo,3.77
2uup,3.98
2uvm,7.1
2uw0,7.7
2uw3,4.1
2uw4,5.28
2uw5,7.51
2uw6,6.55
2uwd,8.35
2uwl,8.4
2uwp,6.81
2uxi,7.3
2uxu,4.74
2uxx,3.3
2uy0,6.92
2uy3,3.22
2uy4,4.68
2uy5,5.49
2uyi,6.32
2uym,5.51
2uyn,2.7
2uz6,8.77
2uz9,5.71
2uzb,6.92
2uze,4.33
2uzj,4.57
2uzl,6.21
2uzn,7.52
2uzo,4.57
2uzv,5.87
2v00,3.66
2v0n,6.3
2v0z,9.22
2v10,9.4
2v11,8.52
2v12,9.05
2v13,7.59
2v16,8.22
2v22,5.39
2v25,5.72
2v2c,3.41
2v2h,3.77
2v2v,4.07
2v3d,3.94
2v3u,3.0
2v58,9.09
2v59,7.74
2v5a,6.82
2v5x,6.66
2v7a,8.3
2v7d,6.59
2v83,4.47
2v85,4.46
2v87,4.6
2v95,8.3
2v96,4.54
2va6,6.17
2va7,6.7
2vb8,4.6
2vc7,3.36
2vc9,8.44
2vcb,5.26
2vcg,5.77
2vci,7.68
2vcj,7.68
2vcq,6.04
2vcx,7.68
2vd0,4.94
2vd1,6.86
2vd7,5.38
2ves,7.7
2vev,6.52
2vex,6.74
2vey,7.37
2vf6,8.52
2vfk,3.71
2vgc,5.24
2vgo,6.3
2vgp,6.85
2vhj,3.9
2vhq,3.85
2vi5,3.96
2vie,7.48
2vin,3.0
2vip,5.28
2viq,5.89
2viv,6.28
2viy,5.74
2viz,6.22
2vj1,5.3
2vj6,7.89
2vj7,7.4
2vj8,8.7
2vj9,6.74
2vk2,6.89
2vk6,5.3
2vkm,8.74
2vl1,1.35
2vl4,6.01
2vl8,4.52
2vmc,2.94
2vmd,3.02
2vmf,5.85
2vnf,5.52
2vnm,8.52
2vnt,8.0
2vo4,4.94
2vo5,4.89
2vo7,6.77
2vot,7.14
2vpe,4.94
2vpn,6.72
2vpo,5.42
2vqj,6.44
2vqm,6.01
2vqt,6.0
2vr0,4.42
2vr3,4.98
2vr4,5.68
2vrj,6.3
2vrx,7.35
2vt3,4.15
2vta,3.73
2vtd,4.07
2vte,3.91
2vth,3.92
2vti,6.18
2vtj,5.72
2vtl,4.01
2vtn,6.07
2vto,6.85
2vtp,8.52
2vtq,6.85
2vtr,5.82
2vts,7.52
2vu3,7.33
2vuk,3.9
2vur,4.52
2vv9,7.77
2vvc,8.52
2vvn,7.3
2vvo,2.2
2vvs,7.34
2vvt,5.24
2vvu,8.1
2vvv,8.22
2vw1,3.52
2vw2,3.3
2vwc,6.62
2vwl,7.02
2vwm,7.03
2vwn,8.0
2vwo,7.51
2vwu,6.46
2vwv,4.8
2vwx,7.4
2vwy,7.05
2vwz,6.1
2vx0,6.24
2vx1,6.66
2vx9,7.44
2vxj,4.17
2vxn,5.0
2vyt,2.74
2vzr,4.28
2w05,9.0
2w06,7.08
2w08,3.42
2w0d,8.7
2w0j,6.62
2w0p,6.52
2w0s,3.3
2w0x,3.2
2w0z,4.03
2w16,10.0
2w17,8.7
2w1c,8.0
2w1d,6.04
2w1e,7.92
2w1f,8.23
2w1g,8.52
2w1h,7.28
2w1i,8.92
2w26,9.4
2w2i,6.04
2w2u,4.46
2w3i,10.0
2w3l,7.52
2w3o,6.72
2w47,4.98
2w4i,6.3
2w4x,4.85
2w54,6.98
2w5g,6.07
2w5i,4.54
2w66,4.05
2w67,4.96
2w68,4.74
2w6c,8.41
2w6n,6.9
2w6o,4.22
2w6p,6.48
2w6t,8.57
2w70,4.92
2w71,6.48
2w73,6.52
2w77,9.19
2w78,8.57
2w7x,7.62
2w85,5.04
2w87,4.65
2w8f,6.3
2w8g,6.0
2w8j,2.96
2w8w,2.12
2w8y,9.09
2w9h,6.37
2w9r,5.32
2wa3,3.0
2wa4,4.74
2wa8,5.42
2waj,6.4
2wap,6.64
2wbb,6.04
2wbd,6.64
2wbg,4.45
2wc3,6.08
2wc4,5.29
2wcg,6.38
2wd3,7.07
2wd7,4.97
2we3,4.43
2web,5.12
2wec,3.96
2wed,6.1
2weh,5.95
2wei,8.47
2wej,6.08
2weo,6.93
2weq,5.9
2wer,7.05
2wev,8.0
2wey,7.12
2wez,7.64
2wf1,8.7
2wf2,7.59
2wf3,7.72
2wf4,7.89
2wfj,7.15
2wgi,4.07
2wgj,8.7
2wgs,5.6
2who,7.7
2whp,4.51
2wi2,3.46
2wi3,3.46
2wi6,6.64
2wib,4.93
2wic,5.39
2wig,3.43
2wih,7.35
2wij,3.2
2wik,3.18
2wj1,8.72
2wj2,8.33
2wjg,7.1
2wji,5.02
2wks,6.89
2wkt,4.31
2wky,8.59
2wkz,8.77
2wl0,7.8
2wl5,4.52
2wly,6.6
2wm0,4.52
2wmu,4.38
2wmw,6.41
2wmx,6.07
2wnj,6.48
2wo8,6.28
2woa,5.94
2won,6.2
2woq,2.88
2wor,3.9
2wot,7.36
2wou,7.14
2wp1,3.6
2wpa,8.1
2wpb,2.89
2wq4,2.57
2wq5,3.74
2wqb,6.27
2wr8,5.44
2wsx,2.41
2wtc,6.51
2wti,7.04
2wtv,8.74
2wtw,8.19
2wtx,2.89
2wu6,7.53
2wu7,6.28
2wuf,4.29
2wuu,7.16
2wva,10.7
2wvt,6.12
2ww0,5.3
2ww2,4.85
2wwj,4.48
2wxd,5.48
2wxh,8.05
2wxi,8.15
2wxj,9.0
2wxk,9.3
2wxo,7.05
2wxp,8.52
2wxq,7.47
2wxv,8.7
2wyf,4.43
2wyg,8.7
2wyn,5.55
2wzf,7.0
2wzx,6.0
2wzy,10.72
2wzz,5.4
2x00,11.33
2x09,3.76
2x0y,4.6
2x2c,7.72
2x2i,8.7
2x2k,6.52
2x2l,5.28
2x2m,6.77
2x2r,7.12
2x38,6.89
2x4o,4.77
2x4r,4.77
2x4s,4.2
2x4t,5.13
2x5o,4.07
2x6d,7.92
2x6e,7.82
2x6f,4.59
2x6i,6.08
2x6j,7.44
2x6k,5.64
2x6w,7.1
2x6x,3.68
2x6y,4.59
2x7c,5.7
2x7d,6.7
2x7o,7.47
2x7s,5.78
2x7t,6.63
2x7u,5.27
2x7x,5.7
2x85,3.89
2x8d,6.1
2x8e,7.85
2x8z,7.96
2x91,6.74
2x96,4.03
2x9e,6.74
2xa4,8.52
2xab,9.27
2xae,7.3
2xaf,4.64
2xag,4.55
2xah,3.55
2xaj,3.77
2xaq,5.96
2xas,5.89
2xb7,9.19
2xb8,7.59
2xb9,6.77
2xba,7.63
2xbj,8.52
2xbv,8.43
2xbw,8.0
2xbx,7.82
2xc0,6.72
2xcg,8.05
2xch,6.43
2xck,6.15
2xcn,6.92
2xct,4.51
2xd6,6.19
2xd9,6.46
2xda,6.22
2xde,5.47
2xdk,3.6
2xdl,3.1
2xdm,7.49
2xdx,6.46
2xe4,7.16
2xeg,10.7
2xei,10.62
2xej,8.87
2xf0,4.52
2xfi,7.82
2xfj,7.89
2xfk,8.52
2xg3,4.74
2xg9,4.15
2xgs,3.28
2xh5,7.57
2xhm,6.8
2xhr,8.32
2xhs,6.0
2xht,5.96
2xhx,6.6
2xi7,5.14
2xib,7.26
2xii,7.2
2xiy,2.44
2xj1,7.55
2xj2,7.18
2xj7,6.66
2xjj,6.51
2xjx,9.15
2xk1,5.74
2xk3,5.68
2xk4,4.77
2xk6,5.8
2xk7,5.82
2xk8,5.62
2xkc,5.59
2xkd,5.64
2xke,5.38
2xkf,6.06
2xl2,5.25
2xl3,5.25
2xlc,2.3
2xln,4.48
2xm1,5.07
2xm2,4.62
2xm8,6.8
2xm9,8.05
2xml,3.3
2xn3,5.92
2xn6,8.8
2xn7,10.0
2xnb,6.83
2xng,7.22
2xni,7.37
2xnm,6.8
2xno,5.93
2xnp,6.44
2xog,3.43
2xoi,3.34
2xow,5.22
2xp2,9.0
2xp4,3.74
2xp5,3.44
2xp6,4.7
2xp8,4.82
2xpa,5.39
2xpk,11.3
2xqq,4.82
2xru,7.51
2xrw,5.15
2xs0,5.15
2xsb,4.96
2xtk,3.79
2xtn,7.4
2xto,6.2
2xu1,7.66
2xu3,6.8
2xu5,6.89
2xuc,4.1
2xuf,14.39
2xup,12.39
2xv1,5.99
2xvd,8.7
2xvn,3.95
2xwd,6.96
2xwy,5.22
2xx4,7.1
2xxn,6.41
2xxr,6.55
2xxt,8.05
2xxw,6.41
2xxy,7.89
2xy9,9.19
2xye,8.34
2xyf,8.44
2xyn,8.4
2xyr,6.13
2xys,7.42
2xyt,6.29
2xyu,5.35
2xz5,4.01
2xzc,5.64
2xzg,4.74
2xzq,6.59
2xzw,5.29
2y06,6.1
2y07,6.22
2y0j,7.92
2y1d,6.82
2y1g,6.15
2y1n,4.77
2y1o,5.09
2y1w,6.33
2y1x,7.57
2y2h,4.57
2y2i,4.59
2y2j,4.8
2y2k,5.16
2y2n,4.57
2y2p,4.7
2y34,7.1
2y36,6.42
2y4l,6.3
2y4m,6.46
2y4s,6.15
2y54,4.7
2y55,3.87
2y57,6.89
2y5f,8.7
2y5h,5.79
2y5k,6.66
2y5l,6.48
2y67,3.53
2y68,3.6
2y6c,5.0
2y6d,7.1
2y6o,7.6
2y6s,6.99
2y71,7.37
2y76,6.36
2y77,6.6
2y7i,5.54
2y7k,4.93
2y7p,5.47
2y7w,4.98
2y7x,8.89
2y80,8.05
2y81,8.7
2y82,8.4
2y8i,5.89
2y8l,5.82
2y8o,5.12
2y8q,5.82
2y9g,3.77
2y9q,6.15
2ya6,5.7
2ya7,3.14
2yay,6.1
2yaz,5.14
2yb0,3.85
2yb9,9.22
2ybk,4.62
2ybp,4.62
2ybt,4.7
2ybu,6.38
2yc3,6.85
2yc5,7.46
2ycf,10.52
2ycq,9.85
2ycr,7.16
2yde,3.72
2ydf,7.66
2ydi,6.82
2ydk,8.15
2ydm,7.44
2ydo,7.51
2ydv,7.86
2ydw,7.34
2yem,7.81
2yer,7.7
2yex,10.0
2yfa,5.07
2yfe,6.63
2yfx,8.09
2yg2,6.05
2yga,4.61
2ygu,6.49
2yhd,4.64
2yhw,5.6
2yhy,5.6
2yi5,7.41
2yim,3.92
2yiq,7.9
2yir,9.77
2yis,8.77
2yit,9.54
2yiu,6.89
2yiv,2.78
2yiw,9.1
2yix,8.48
2yj2,7.92
2yj8,8.19
2yj9,7.02
2yjb,7.02
2yjc,7.66
2yjq,5.28
2yjw,5.12
2yk1,8.13
2ykc,6.11
2yke,5.96
2yki,9.46
2ykj,6.21
2yln,7.68
2ylo,4.88
2ylp,4.3
2ylq,4.3
2ym3,6.0
2ym5,6.37
2ym6,6.06
2ym7,6.89
2ym8,7.89
2ymd,3.16
2ymt,8.0
2ynd,7.49
2yne,8.57
2ynr,5.77
2yns,7.6
2yof,4.6
2yog,4.51
2yoh,4.96
2ypi,4.82
2ypo,4.68
2yxj,9.3
2yz3,6.66
2z1w,4.08
2z3h,4.64
2z3z,4.31
2z4o,9.57
2z4w,6.01
2z4y,6.15
2z52,5.57
2z5o,6.0
2z5s,5.66
2z5t,5.62
2z60,8.05
2z6w,7.87
2z78,6.12
2z7h,6.94
2z7i,7.0
2z7r,9.52
2z8e,8.0
2z92,9.1
2z94,5.85
2z97,6.0
2za3,3.68
2zas,7.86
2zaz,6.4
2zb1,6.32
2zbk,5.7
2zc9,6.74
2zcq,8.82
2zcr,6.87
2zcs,8.22
2zda,8.4
2zdm,6.41
2zdn,6.25
2zdt,8.02
2zdz,6.15
2zfp,5.17
2zfs,6.54
2zft,6.52
2zg1,2.1
2zg3,2.06
2zgm,1.79
2zgx,6.74
2zhd,6.54
2zif,4.37
2zjf,7.72
2zju,5.81
2zjv,5.14
2zjw,7.7
2zkj,5.48
2zlf,4.51
2zlg,5.59
2zm1,6.66
2zm3,6.21
2zmj,7.52
2zmm,7.6
2zn7,7.89
2zns,6.54
2znt,9.3
2znu,8.11
2zo3,10.0
2zof,8.15
2zp0,7.6
2zpk,7.76
2zq0,6.82
2zq1,6.62
2zq2,6.56
2zsc,7.06
2zu5,7.0
2zv2,6.3
2zv9,8.05
2zva,7.96
2zvj,5.74
2zwz,7.79
2zx6,10.6
2zx8,9.64
2zx9,10.27
2zxa,8.35
2zxd,5.22
2zxg,8.82
2zyb,7.7
2zym,6.14
2zyn,5.92
2zz1,4.54
2zz2,4.54
2zzu,7.41
3a1c,4.0
3a1d,4.12
3a1s,4.83
3a1t,4.83
3a2c,6.9
3a4o,8.89
3a4p,7.55
3a9i,4.15
3aaq,3.3
3aas,4.51
3aau,5.05
3aav,6.62
3abt,4.77
3acl,6.22
3acw,4.76
3acx,5.7
3ad7,2.52
3ad8,3.16
3adt,4.55
3adu,4.14
3adv,3.03
3afk,3.6
3agl,7.8
3ah8,9.82
3aho,7.05
3ai8,3.81
3aid,6.86
3aig,6.0
3aje,5.03
3al3,5.68
3amb,6.18
3amv,7.97
3anr,6.46
3ans,6.25
3ant,8.07
3ao1,2.26
3ao2,3.77
3ao4,2.07
3ao5,2.23
3ap4,3.92
3ap7,3.0
3apc,7.44
3aqa,4.55
3aqt,6.72
3ara,6.49
3arb,6.63
3ard,6.76
3are,6.21
3arg,7.26
3arn,5.41
3arp,7.15
3arq,6.4
3arr,5.4
3art,4.43
3aru,3.22
3arw,6.15
3ary,6.0
3arz,6.0
3as0,4.55
3as1,4.02
3as2,3.44
3as3,3.8
3ask,6.43
3asl,5.76
3asx,7.7
3at1,3.18
3at4,8.1
3ati,3.73
3atl,4.76
3atm,3.06
3atp,4.45
3atu,8.3
3atv,5.34
3atw,7.01
3au6,7.92
3av9,3.36
3ava,4.4
3avb,4.07
3avl,4.18
3aw0,5.24
3ax5,5.85
3axk,4.15
3axm,5.07
3axz,3.43
3ay0,3.04
3ay9,8.34
3aya,4.33
3ayc,4.24
3ayd,4.19
3az8,6.0
3az9,6.0
3aza,5.13
3azb,4.92
3b0w,5.7
3b1t,5.66
3b1u,5.72
3b24,4.38
3b26,6.64
3b27,5.16
3b2q,4.55
3b2w,9.22
3b3c,3.98
3b3s,2.55
3b3x,3.6
3b4f,8.14
3b4p,5.4
3b50,7.55
3b5j,5.68
3b5r,8.77
3b65,9.27
3b66,8.6
3b68,8.4
3b7i,5.82
3b7j,5.17
3b7r,7.7
3b7u,7.74
3b82,4.43
3b8h,4.2
3b8q,9.3
3b8r,9.22
3b8z,6.54
3b92,8.0
3b9g,4.72
3b9s,5.3
3bar,5.7
3bb1,3.6
3bbb,7.0
3bbf,5.28
3bbt,6.15
3bc4,5.35
3bc5,8.3
3bcn,7.12
3bcs,5.21
3be2,8.7
3be9,7.62
3bea,8.15
3bet,5.82
3bex,5.57
3bf1,2.52
3bft,6.49
3bfu,6.27
3bgb,6.05
3bgc,5.02
3bgp,7.04
3bgq,7.96
3bgs,9.42
3bgz,6.26
3bh8,7.95
3bh9,6.93
3bhb,8.47
3bhx,9.15
3bi0,7.85
3bi1,9.92
3bim,5.88
3bjc,6.96
3bjm,8.3
3bki,5.12
3bkk,6.08
3bkl,6.17
3bl0,6.92
3bl1,5.6
3bl2,5.8
3bls,5.14
3blt,3.54
3blu,3.46
3bm6,7.59
3bm8,3.54
3bm9,6.72
3bmo,5.27
3bmq,5.49
3bmy,7.52
3bpc,4.8
3bpr,4.95
3bqn,8.6
3bra,2.7
3brn,8.7
3bsc,4.48
3bt9,5.71
3bti,6.14
3btj,5.62
3btr,5.3
3bu1,8.15
3bu6,5.89
3bu8,6.92
3buf,3.1
3bum,6.49
3bun,6.21
3buw,5.83
3bv2,9.36
3bv3,9.34
3bv9,5.36
3bvb,5.49
3bwj,6.5
3bwk,3.94
3bx5,8.46
3bxe,5.48
3bxf,5.54
3bxg,4.96
3bxh,4.03
3bxs,5.1
3bxz,6.72
3bym,8.22
3byo,8.15
3bys,9.3
3byu,9.1
3bz3,8.82
3bze,6.0
3bzf,4.52
3bzi,5.74
3c10,6.52
3c1k,9.44
3c1x,7.35
3c2f,2.0
3c2o,3.35
3c2u,2.9
3c39,3.96
3c3o,4.36
3c3q,4.32
3c3r,4.39
3c43,7.72
3c45,9.68
3c49,7.15
3c4c,6.8
3c4e,4.0
3c4f,5.72
3c52,7.3
3c56,7.89
3c5u,8.19
3c6t,8.68
3c6u,8.87
3c6w,5.62
3c79,7.2
3c7n,6.7
3c84,7.85
3c88,6.8
3c89,6.07
3c8a,6.18
3c8b,6.1
3c8e,4.15
3caj,8.1
3cbp,5.6
3ccb,4.52
3ccc,8.1
3cct,7.56
3ccz,7.29
3cd7,7.84
3cd8,8.05
3cdb,7.02
3cde,7.66
3ce0,6.15
3ce3,8.74
3cen,8.26
3cf8,4.9
3cf9,4.83
3cfn,5.0
3cft,4.19
3cfv,6.05
3cgo,5.52
3cgy,3.15
3ch9,3.3
3chc,4.09
3chd,4.92
3chf,5.37
3chg,3.99
3cho,6.55
3chp,5.27
3chq,7.7
3chr,7.21
3chs,7.77
3cib,7.85
3cic,8.52
3cid,8.3
3cii,6.1
3cj2,4.85
3cj3,4.24
3cj4,6.51
3cj5,6.34
3cjf,8.2
3cjo,8.66
3cke,6.1
3ckp,6.35
3ckr,5.3
3ckt,6.32
3ckz,8.72
3cl0,7.07
3cl2,7.59
3clp,3.69
3cm7,6.57
3co9,8.0
3coh,8.4
3coj,5.28
3cow,6.9
3coy,6.02
3coz,5.57
3cph,6.48
3cpj,4.72
3cqu,6.82
3cqw,7.38
3cr4,4.28
3cs7,10.68
3cs8,5.77
3csl,7.22
3cso,5.77
3ctj,7.46
3ctr,5.16
3cvk,8.0
3cwj,8.0
3cwk,6.6
3cx9,4.89
3cyu,7.22
3cyw,7.77
3cyx,8.0
3cyy,4.77
3cyz,7.22
3cz1,7.26
3czv,7.8
3d04,6.05
3d0b,6.54
3d0e,8.4
3d14,7.66
3d1f,5.74
3d1g,5.0
3d1v,3.49
3d1x,8.66
3d1y,8.22
3d20,8.3
3d25,7.66
3d27,4.25
3d28,5.85
3d2r,5.48
3d2t,7.12
3d32,6.45
3d3p,8.5
3d3x,4.16
3d45,5.68
3d4f,7.72
3d4l,7.49
3d4q,10.52
3d4z,4.89
3d50,4.77
3d51,4.15
3d5m,8.0
3d62,6.1
3d67,4.96
3d6o,4.11
3d6p,3.75
3d78,7.64
3d7b,3.69
3d7d,7.85
3d7f,9.3
3d7g,7.77
3d7h,10.22
3d7k,4.6
3d7m,6.44
3d7z,7.92
3d83,8.36
3d8w,8.15
3d91,9.15
3d94,6.8
3d9k,4.72
3d9l,4.17
3d9m,3.48
3d9z,8.7
3da6,8.7
3da9,5.51
3dab,6.68
3daj,5.54
3db6,6.14
3db8,7.0
3dba,8.0
3dbd,7.38
3dbs,7.12
3dbu,8.06
3dc2,3.02
3dc3,8.31
3dcq,5.23
3dcr,8.2
3dcs,7.94
3dct,6.95
3dcv,8.52
3dcw,9.0
3dd0,9.0
3dd8,7.85
3dda,3.88
3ddb,4.02
3ddg,6.0
3ddp,7.14
3ddq,6.68
3ddu,7.4
3deh,6.83
3dei,7.4
3dej,8.0
3dek,7.57
3dga,4.52
3dgl,6.6
3dgn,6.21
3dgo,6.74
3dgq,4.92
3dhk,7.33
3di6,7.0
3diw,6.72
3djf,6.1
3djk,10.59
3djo,4.39
3djp,4.2
3djq,2.98
3djv,4.55
3djx,2.81
3dkf,8.57
3dkj,5.7
3dla,3.46
3dln,6.6
3dm6,7.43
3dne,5.22
3dng,8.13
3dog,7.4
3dow,4.94
3doy,5.82
3doz,5.7
3dp0,5.85
3dp1,5.0
3dp2,5.82
3dp9,9.68
3dpc,4.36
3dpd,5.78
3dpe,7.24
3dpf,7.24
3dpk,8.39
3dpo,8.26
3drg,7.0
3dri,4.42
3drr,9.4
3drs,9.3
3ds0,4.83
3ds1,5.7
3ds3,5.22
3ds4,4.19
3ds6,9.1
3dst,9.08
3dsu,7.03
3dsz,7.77
3dt1,8.62
3dtc,7.59
3du8,6.84
3dux,7.0
3duy,5.85
3dv1,6.23
3dv5,7.66
3dwb,6.19
3dx0,7.44
3dx1,3.58
3dx2,6.82
3dx3,6.52
3dx4,7.12
3dxh,3.19
3dxj,6.22
3dxk,6.33
3dy6,6.9
3dya,8.52
3dyo,2.3
3dz2,4.15
3dz5,8.15
3dz6,7.82
3dzt,7.22
3e01,7.52
3e0p,7.92
3e0q,5.89
3e12,5.99
3e1r,5.82
3e2m,9.4
3e37,5.39
3e3b,7.96
3e3u,7.89
3e4a,8.77
3e51,7.85
3e5a,8.23
3e5u,5.85
3e62,4.39
3e63,5.8
3e64,7.11
3e6y,5.6
3e73,3.15
3e7b,9.8
3e7o,6.92
3e8r,9.74
3e8u,9.42
3e92,8.0
3e93,8.85
3e9i,6.22
3eb1,4.79
3ebh,6.32
3ebi,7.1
3ebl,6.3
3ebo,4.72
3ebp,5.91
3ed0,6.35
3ee2,4.19
3eeb,5.89
3efk,7.85
3efs,5.34
3eft,7.92
3eg6,5.77
3egk,4.66
3ehn,1.92
3eht,5.17
3ehw,4.82
3ehx,7.6
3ehy,5.85
3eid,6.35
3eig,7.68
3eio,6.65
3ej1,6.92
3ej5,3.57
3ejp,8.55
3ejq,8.57
3ejr,8.57
3ejt,7.36
3eju,6.6
3eka,3.0
3ekn,8.4
3eko,6.7
3ekp,8.89
3ekq,6.75
3ekr,7.52
3eks,5.7
3ekt,10.59
3ekv,9.41
3ekx,9.41
3eky,9.64
3el0,7.47
3el1,9.64
3el4,7.17
3el5,7.72
3el7,6.32
3el8,7.6
3el9,8.4
3elc,2.69
3elj,5.3
3elm,9.72
3emg,8.05
3eml,8.74
3eoc,6.64
3eor,1.4
3eos,8.4
3eou,7.01
3eq7,9.09
3eq8,9.06
3eq9,7.39
3eqb,1.82
3eql,5.3
3eqs,8.48
3eqy,8.05
3er3,7.09
3er5,9.0
3erk,4.74
3ern,1.72
3ert,9.6
3ery,5.66
3esj,3.03
3ess,6.39
3et7,7.77
3eta,7.85
3eu5,7.49
3eu7,6.18
3evc,6.91
3evd,6.91
3ew2,6.67
3ewc,7.7
3ewh,7.16
3ewu,4.62
3ewz,4.1
3ex2,3.7
3ex3,4.44
3ex6,3.66
3exe,6.96
3exf,6.54
3exh,4.88
3exo,4.62
3eyf,7.03
3eyg,8.8
3eyh,7.7
3eyl,6.6
3eys,5.52
3eyu,7.62
3f07,5.54
3f0r,6.89
3f16,8.23
3f17,8.63
3f18,7.4
3f19,7.19
3f1a,7.21
3f2a,7.24
3f33,3.34
3f34,3.16
3f35,3.16
3f36,2.89
3f37,2.62
3f38,2.62
3f39,1.78
3f3a,4.19
3f3c,6.02
3f3d,7.16
3f3e,7.7
3f3t,4.59
3f3u,4.74
3f3v,7.14
3f3w,7.47
3f48,6.29
3f5j,4.28
3f5k,4.62
3f5l,3.72
3f5p,6.85
3f66,6.05
3f68,5.06
3f69,6.0
3f6e,2.38
3f6g,4.72
3f6h,4.72
3f70,4.85
3f7b,7.19
3f7g,7.37
3f7h,7.09
3f7i,7.34
3f7u,6.61
3f7z,7.19
3f80,4.22
3f82,8.34
3f88,8.64
3f8c,7.68
3f8e,7.23
3f8f,6.63
3f8s,7.89
3f8w,4.08
3f9n,5.89
3f9w,4.72
3f9y,4.49
3fa3,5.6
3fal,6.78
3fas,6.77
3fat,7.64
3fbr,4.82
3fc1,8.0
3fc2,9.06
3fc8,5.39
3fci,5.89
3fck,4.0
3fcq,2.77
3fdn,7.48
3fdt,4.52
3fe7,7.12
3fea,7.44
3fed,7.46
3fee,6.64
3feg,4.35
3fei,7.7
3fej,6.13
3ff3,3.57
3ffg,9.08
3ffp,7.14
3ffu,6.44
3fh5,7.06
3fh7,7.6
3fh8,6.74
3fhb,5.7
3fhr,6.68
3fi2,7.6
3fj7,3.71
3fjg,3.73
3fjz,4.05
3fkt,5.55
3fkv,7.57
3fl5,7.28
3fl8,7.27
3fl9,1.11
3fmq,7.95
3fmr,7.97
3fmz,8.08
3fn0,4.4
3fnm,4.71
3fnu,6.16
3fpd,6.15
3fpm,5.05
3fq7,2.52
3fqa,0.49
3fqe,8.3
3fqh,6.24
3fql,7.15
3fqs,7.39
3fr2,6.23
3fr4,6.19
3fr5,6.35
3frg,8.4
3frz,8.15
3fsj,3.95
3fsm,7.0
3ft2,7.36
3ft3,7.36
3ft4,5.93
3ft5,4.82
3ft8,7.52
3ftq,5.33
3fts,3.67
3ftv,2.93
3ftw,2.78
3fty,3.21
3fu0,2.28
3fu3,2.84
3fu5,4.12
3fu6,3.97
3fuc,9.72
3fui,6.8
3fuk,3.02
3ful,3.7
3fum,3.77
3fuz,6.54
3fv1,9.3
3fv2,8.11
3fv3,9.52
3fv7,5.64
3fv8,6.8
3fvh,6.35
3fvk,8.82
3fvl,6.07
3fvn,6.77
3fw3,7.37
3fw4,9.4
3fwv,5.64
3fx6,6.8
3fyj,8.3
3fyk,7.4
3fyz,5.8
3fz1,7.92
3fzc,5.39
3fzn,4.01
3fzr,7.96
3fzs,5.82
3fzt,6.2
3g08,8.16
3g0b,8.15
3g0c,5.7
3g0d,8.3
3g0e,7.7
3g0f,7.66
3g0g,8.3
3g0i,3.6
3g0w,9.52
3g19,6.67
3g1d,3.48
3g1m,6.3
3g2h,3.82
3g2i,4.86
3g2j,4.75
3g2k,4.79
3g2l,3.87
3g2n,4.09
3g2s,6.22
3g2t,7.0
3g2u,5.27
3g2w,5.66
3g2y,2.0
3g2z,2.36
3g31,2.89
3g34,2.96
3g3d,4.74
3g45,8.36
3g4f,4.52
3g4g,9.04
3g4i,9.04
3g4k,6.54
3g4l,8.24
3g58,9.28
3g5d,7.96
3g5k,9.52
3g5v,7.8
3g5y,7.46
3g6g,8.55
3g6z,9.7
3g70,9.4
3g72,9.1
3g86,8.3
3g8o,7.8
3g90,6.36
3g9e,7.72
3g9l,6.13
3g9n,5.74
3ga5,5.49
3gb2,7.47
3gbb,6.9
3gbe,5.0
3gbq,5.46
3gc5,7.26
3gc7,9.22
3gcp,7.82
3gcq,6.47
3gcs,7.25
3gcv,7.13
3ge7,8.7
3gen,9.14
3gep,3.75
3gf2,1.7
3gfe,8.49
3gfw,7.57
3ggj,6.0
3ggu,9.77
3ggv,10.85
3ggw,5.54
3ghe,5.89
3gi4,10.8
3gi5,11.22
3gi6,11.22
3gjd,7.33
3gjq,5.33
3gjs,4.99
3gjt,6.77
3gjw,8.3
3gk1,4.1
3gk2,2.7
3gk4,3.92
3gkz,8.0
3gl6,4.68
3gm0,7.77
3gn7,8.3
3gnv,7.03
3gol,7.09
3gpo,5.3
3gqo,5.41
3gqz,2.17
3gr2,2.52
3gsg,2.7
3gsm,6.48
3gss,5.82
3gst,6.72
3gta,4.28
3gtc,2.35
3gus,6.05
3gvb,2.59
3gvu,8.0
3gw5,9.33
3gwt,11.1
3gwu,4.71
3gwv,2.6
3gww,0.45
3gwx,5.4
3gx0,3.48
3gxl,7.6
3gxt,4.74
3gxy,5.59
3gy2,5.74
3gy3,5.63
3gy4,5.1
3gy7,4.52
3gyn,7.21
3gz9,8.4
3gzn,8.0
3h03,3.87
3h06,3.53
3h0a,7.48
3h0e,8.15
3h0j,6.49
3h0q,6.07
3h0s,6.2
3h0v,4.82
3h0w,6.22
3h0y,8.22
3h0z,8.37
3h1x,5.89
3h21,4.7
3h22,5.1
3h23,4.71
3h26,4.49
3h2n,3.67
3h30,4.53
3h3c,6.85
3h59,7.89
3h5b,10.0
3h5s,8.3
3h5u,8.52
3h6z,5.82
3h85,5.22
3h8b,6.29
3h8c,7.72
3h98,8.3
3h9f,7.92
3h9k,7.85
3h9o,7.15
3hab,8.38
3hac,8.17
3hau,6.38
3hav,3.77
3hb8,5.12
3hbo,5.09
3hc8,8.54
3hcm,3.3
3hd3,7.0
3hdk,4.76
3hdm,7.4
3hdn,7.2
3hdz,7.29
3hec,4.47
3heg,6.74
3hek,8.27
3hf6,7.59
3hfb,7.52
3hfj,4.44
3hfv,4.87
3hfz,4.89
3hg1,4.74
3hha,7.9
3hhk,8.22
3hhm,7.92
3hhu,7.39
3hig,7.89
3hii,6.54
3hik,6.35
3hio,6.52
3hiv,8.12
3hk1,6.17
3hkn,5.35
3hkq,5.34
3hkt,5.39
3hku,8.3
3hkw,8.64
3hky,7.1
3hl5,4.47
3hl8,4.49
3hll,8.24
3hmm,7.6
3hmo,7.52
3hmp,5.49
3hmv,7.3
3hnb,5.11
3hng,6.74
3hnz,7.72
3ho2,6.95
3ho9,6.1
3hp2,6.17
3hp5,7.15
3hp9,4.59
3hpt,8.19
3hqh,4.2
3hqw,7.46
3hqy,7.94
3hqz,9.38
3hr1,9.43
3hrb,7.68
3hrf,4.99
3hs4,8.0
3hs8,5.3
3hu1,6.89
3hu2,7.22
3hu3,6.89
3hub,8.09
3huc,5.99
3hv3,6.33
3hv4,6.51
3hv5,7.02
3hv6,5.64
3hv7,7.92
3hv8,6.98
3hvc,6.22
3hvg,2.7
3hvh,8.52
3hvi,8.3
3hvj,8.7
3hvk,8.52
3hw1,3.06
3hx3,8.0
3hxb,5.39
3hxc,5.28
3hxd,5.05
3hxe,5.33
3hxf,4.96
3hxi,6.33
3hy5,7.7
3hy7,6.97
3hyf,5.92
3hyg,7.03
3hzm,5.52
3hzv,6.52
3hzy,7.0
3i02,7.52
3i0s,9.0
3i1y,8.15
3i25,8.51
3i28,8.22
3i3b,2.23
3i3d,1.99
3i4a,4.28
3i4y,7.05
3i51,7.7
3i5r,4.4
3i5z,8.7
3i60,8.7
3i6c,4.92
3i6m,6.46
3i6o,10.35
3i6z,7.3
3i7b,7.18
3i7e,10.85
3i7g,6.37
3i81,7.89
3i8t,3.22
3i97,5.52
3iad,9.0
3iae,3.89
3iaf,2.92
3ibi,8.59
3ibl,7.84
3ibn,7.61
3ibu,9.15
3idp,8.8
3ie3,6.68
3iej,6.66
3ieo,6.48
3ies,9.92
3iet,6.85
3if7,7.21
3ifo,7.26
3ifp,7.61
3ig1,6.14
3ig6,7.6
3ig7,7.2
3igb,4.42
3igg,7.18
3igp,7.02
3igv,7.6
3ihz,6.8
3ii5,7.62
3iit,8.02
3iiy,4.8
3ij1,4.7
3ijg,4.27
3ijh,4.0
3ijy,6.04
3ijz,5.22
3ik1,4.85
3ik3,8.7
3ika,7.85
3ikd,6.75
3ikg,7.24
3il6,6.57
3ilq,5.21
3ime,3.0
3img,2.96
3imy,9.7
3in3,7.22
3in4,7.52
3ind,5.82
3ine,6.77
3inf,7.4
3inh,7.7
3iny,3.66
3iob,3.42
3ioc,3.68
3iod,4.1
3ioe,3.27
3iof,5.22
3iog,5.52
3ioi,6.28
3iok,7.96
3ion,8.1
3iop,7.77
3ip5,6.22
3ip6,6.6
3ip8,2.28
3ip9,5.62
3ipa,6.22
3ipb,6.7
3iph,7.6
3ipq,7.57
3ips,7.19
3ipu,7.32
3ipx,6.92
3ipy,6.29
3iqh,4.59
3iqi,4.41
3iqj,4.93
3iqq,5.54
3iqu,4.77
3iqv,5.18
3irx,9.0
3isj,3.68
3iss,6.05
3itc,1.6
3ith,8.1
3iu7,4.8
3iu8,6.24
3iu9,6.62
3iub,4.54
3iuc,5.66
3iut,6.34
3iux,7.6
3ivc,4.12
3ivg,4.3
3ivh,7.33
3ivi,7.92
3ivq,4.12
3ivv,5.43
3ivx,5.74
3iw4,8.68
3iw5,6.08
3iw6,5.48
3iw7,5.64
3iw8,4.87
3iww,7.96
3iwy,7.28
3ixg,7.57
3ixj,9.49
3ixk,8.18
3jdw,3.6
3jqb,6.02
3jqg,4.74
3jrs,4.28
3jrx,9.0
3jsi,8.68
3juo,5.07
3jup,5.58
3juq,4.91
3jvr,5.72
3jvs,6.54
3jwq,7.6
3jwr,8.07
3jxw,9.0
3jy0,8.3
3jy9,9.0
3jya,6.89
3jyj,5.74
3jyr,5.54
3jzb,9.01
3jzc,8.53
3jzg,4.4
3jzh,3.4
3jzi,5.3
3jzj,3.61
3jzk,5.91
3jzp,6.6
3jzq,6.96
3jzr,7.44
3jzs,8.1
3k00,5.77
3k02,5.0
3k0h,4.6
3k15,4.92
3k16,5.8
3k1j,6.4
3k22,7.9
3k23,8.2
3k2f,7.2
3k37,8.92
3k39,8.08
3k3a,7.08
3k3b,6.7
3k3e,7.66
3k41,0.82
3k48,6.31
3k4d,5.11
3k4q,5.34
3k54,9.0
3k5d,7.28
3k5f,5.43
3k5g,8.6
3k5i,4.7
3k5k,7.64
3k5v,6.3
3k5x,6.41
3k7f,7.7
3k83,7.66
3k8c,2.92
3k8d,5.77
3k8o,11.07
3k8q,11.28
3k97,8.0
3k98,9.0
3k99,7.22
3k9x,8.4
3ka2,6.62
3kab,3.2
3kac,3.13
3kaf,6.08
3kag,5.18
3kah,6.59
3kai,5.41
3kb3,6.82
3kb7,8.15
3kbz,6.91
3kc0,7.92
3kc3,6.8
3kce,4.8
3kck,9.1
3kd7,3.7
3kdb,9.85
3kdd,8.46
3kdm,7.0
3kdu,6.46
3kec,7.24
3kej,7.12
3kek,8.36
3ken,5.4
3kf4,9.3
3kf7,7.4
3kfa,7.6
3kfc,8.55
3kfn,4.74
3kga,7.21
3kgp,2.57
3kgq,2.3
3kgt,5.51
3kgu,5.92
3khj,7.55
3khv,1.85
3kid,3.18
3kjd,8.54
3kjf,4.87
3kjn,5.19
3kjq,5.88
3kku,5.7
3kl6,8.46
3km4,8.89
3kmc,6.4
3kme,6.14
3kmm,9.7
3kmx,4.82
3kmy,4.49
3koo,7.82
3kpu,3.16
3kpv,3.74
3kpw,4.85
3kqa,4.85
3kqd,9.4
3kqm,3.77
3kqo,3.85
3kqp,3.42
3kqr,4.43
3kqs,5.2
3kqt,5.34
3kqw,4.01
3kr1,5.74
3kr2,5.14
3kr5,7.89
3kr8,8.1
3krd,8.17
3krj,8.96
3krl,9.1
3krr,9.32
3krx,7.38
3kry,10.0
3ksl,4.52
3ktr,6.15
3kvw,6.89
3kvx,6.83
3kw9,9.0
3kwa,4.08
3kwb,7.77
3kwj,9.3
3kwz,8.4
3kx1,7.0
3kxz,7.46
3kyq,4.22
3kyr,6.72
3kze,3.95
3l08,10.22
3l0e,8.0
3l0k,4.62
3l0n,2.77
3l0v,7.64
3l13,7.82
3l1n,5.63
3l1s,8.7
3l2y,4.49
3l3a,6.38
3l3l,7.48
3l3m,8.22
3l3n,8.18
3l3q,7.27
3l3x,6.15
3l3z,4.87
3l4t,5.42
3l4u,7.52
3l4v,6.72
3l4w,6.0
3l4x,6.89
3l4z,6.72
3l59,3.7
3l5b,3.91
3l5d,4.11
3l5e,7.57
3l5f,6.22
3l6f,6.99
3l6h,5.4
3l6x,4.4
3l79,2.46
3l7a,4.33
3l7b,2.4
3l7c,2.44
3l7d,2.18
3l7g,3.3
3l81,4.53
3l8v,8.1
3l8x,8.0
3l9h,8.1
3l9l,6.78
3l9n,8.07
3lbj,4.96
3lbl,7.44
3lbz,3.86
3lc3,5.23
3lcd,7.4
3lco,6.84
3lcu,3.52
3lcv,4.74
3ldp,5.62
3ldw,7.97
3le6,7.46
3le9,8.22
3lea,9.1
3lfn,5.5
3lfs,5.6
3lgp,8.7
3lhg,7.7
3lhj,9.51
3lhs,9.0
3li2,9.0
3lil,8.08
3lir,6.92
3liw,7.6
3lj3,9.03
3ljg,7.73
3ljo,6.62
3ljt,6.89
3ljz,8.14
3lk0,3.16
3lk1,4.26
3lk8,7.71
3lka,2.82
3lkh,6.1
3lkj,4.6
3lle,4.97
3llm,4.74
3lm1,4.7
3lmk,5.94
3lmp,6.21
3lnj,6.66
3lnk,5.94
3lnz,9.31
3loo,6.07
3lox,8.1
3lp0,6.96
3lp1,6.92
3lp2,6.66
3lp4,4.88
3lp7,5.44
3lpb,7.38
3lpi,8.52
3lpj,6.92
3lpk,9.1
3lpp,6.22
3lpr,5.96
3lpt,4.91
3lpu,5.86
3lq2,5.22
3lq4,5.22
3lq5,6.96
3lqi,5.16
3lqj,5.37
3ls4,6.3
3luo,6.95
3lvp,8.7
3lw0,6.4
3lxe,6.6
3lxl,8.3
3lxo,4.82
3lxs,8.1
3lzb,7.2
3lzs,10.96
3lzu,10.06
3lzz,3.84
3m11,7.37
3m17,7.4
3m1k,5.39
3m2u,7.0
3m2w,8.52
3m36,9.82
3m37,9.04
3m3c,4.06
3m3o,3.6
3m3r,6.32
3m3x,6.82
3m40,6.77
3m53,5.31
3m57,5.4
3m5a,4.96
3m5e,7.37
3m67,6.74
3m6r,7.49
3m89,6.16
3m94,5.08
3m96,7.22
3m9f,11.15
3ma3,7.22
3mag,4.07
3mam,4.12
3max,6.05
3mb6,7.0
3mb7,6.7
3mbp,6.8
3mbz,5.8
3mdz,9.1
3me9,6.3
3met,6.0
3mf5,5.36
3mfv,2.52
3mfw,3.52
3mg0,9.25
3mg6,7.89
3mg7,7.89
3mhi,6.7
3mhl,7.25
3mhm,7.0
3mho,6.49
3mhw,2.3
3mi2,7.77
3mi3,5.45
3mkf,4.77
3mkn,4.12
3mks,5.72
3ml4,5.33
3mle,5.24
3mmf,7.43
3mn8,6.17
3mna,7.39
3mnu,7.32
3mo8,3.1
3mof,3.07
3mp1,6.1
3mp6,5.96
3mpm,7.52
3mqf,5.24
3mrv,3.74
3mrx,3.39
3ms2,3.72
3ms4,3.28
3ms7,3.43
3ms9,5.22
3msj,3.11
3msk,4.59
3msl,5.15
3mss,4.66
3mt7,4.03
3mt8,4.55
3mt9,4.59
3mta,4.3
3mtb,4.63
3mtw,7.04
3muf,6.49
3muk,3.42
3muz,3.46
3mv0,3.85
3mv5,6.74
3mvh,9.3
3mvj,5.49
3mvl,7.89
3mvm,8.41
3mw1,9.09
3mwu,8.05
3mxc,6.54
3mxd,8.83
3mxe,10.01
3mxf,7.31
3mxs,5.01
3mxy,6.41
3my1,5.45
3my5,4.19
3myg,10.7
3myq,7.52
3mz3,7.83
3mz6,7.2
3mzc,6.65
3n0h,6.21
3n1c,5.22
3n23,8.52
3n2c,5.12
3n2v,7.51
3n35,3.37
3n3g,7.24
3n3j,8.48
3n46,4.3
3n49,5.15
3n4b,7.02
3n4c,8.02
3n4l,7.23
3n51,7.82
3n5e,6.82
3n5h,5.7
3n5k,9.7
3n6k,6.74
3n75,7.89
3n76,6.85
3n7a,3.7
3n7h,4.5
3n7o,7.14
3n7r,7.7
3n7s,7.7
3n86,5.64
3n87,4.96
3n8n,4.57
3n9r,7.15
3n9s,5.26
3nal,8.1
3nam,8.46
3nan,8.22
3nb5,7.74
3nba,3.41
3nc4,4.58
3nc9,6.48
3ncg,6.82
3ncq,5.36
3ncz,7.82
3ndm,7.96
3nee,5.34
3nef,5.94
3neg,5.94
3neo,5.92
3nex,6.0
3nf3,6.2
3nf6,3.53
3nf7,3.47
3nf9,3.54
3ng4,5.43
3nhi,8.43
3ni5,7.55
3nif,5.1
3nii,4.23
3nij,4.89
3nim,4.75
3njq,4.89
3njy,5.77
3nkk,4.7
3nkx,5.12
3nm6,1.35
3nmq,9.7
3nnu,7.32
3nnw,8.05
3nnx,7.96
3nok,4.19
3npa,3.87
3npc,8.34
3nq3,3.78
3nq9,4.03
3nrz,5.34
3ns7,8.33
3ns9,8.52
3nsn,7.19
3ntp,4.92
3nu3,9.82
3nu5,8.35
3nu6,9.3
3nu9,9.05
3nuj,9.39
3nuo,9.8
3nus,3.51
3nuu,3.77
3nuy,3.46
3nw5,5.08
3nw7,8.28
3nwb,7.96
3nwe,7.6
3nww,8.15
3nxq,8.15
3ny3,4.71
3nyd,3.48
3nyn,6.0
3nyx,7.49
3nzc,7.02
3nzi,5.59
3nzs,7.12
3nzu,8.85
3nzw,5.82
3nzx,5.17
3o0e,5.74
3o0g,6.22
3o0j,7.19
3o0u,7.92
3o1d,5.74
3o1e,5.74
3o1g,9.0
3o23,6.3
3o2m,4.8
3o3j,6.4
3o4k,7.62
3o4l,5.09
3o57,10.1
3o5n,4.76
3o5x,5.28
3o64,9.4
3o6l,7.51
3o6m,7.48
3o6t,5.22
3o7u,7.28
3o84,7.24
3o86,7.15
3o87,7.6
3o88,6.37
3o8h,6.24
3o8p,6.46
3o95,8.28
3o96,7.24
3o99,10.82
3o9a,10.7
3o9b,12.3
3o9c,12.05
3o9d,10.72
3o9f,12.7
3o9g,12.3
3o9h,12.1
3o9l,9.66
3oaf,8.8
3oag,9.51
3oap,6.26
3oaw,8.15
3oay,1.7
3ob0,3.0
3ob1,5.42
3ob2,4.59
3obq,3.54
3obu,4.3
3oc0,6.28
3ocb,8.3
3ocg,8.52
3ocp,7.57
3ocz,7.46
3od0,7.92
3odi,7.82
3odl,7.21
3odu,8.14
3oe0,8.6
3oe4,7.47
3oe5,6.88
3oe8,8.14
3oeu,7.51
3oev,8.13
3of8,9.22
3og7,7.51
3ogm,7.32
3ogp,7.44
3ogx,6.48
3ohf,7.03
3ohh,7.74
3ohi,4.85
3oik,6.17
3oil,5.68
3oim,6.74
3oj8,8.36
3oka,4.72
3okc,4.44
3okh,5.24
3oku,6.36
3okv,6.23
3ole,7.83
3olf,7.7
3olg,7.84
3omc,5.0
3omg,4.72
3omm,7.43
3oob,4.67
3oof,7.3
3ooz,7.85
3opm,6.62
3opp,6.28
3opr,6.59
3oqf,7.04
3oqk,6.38
3orn,9.62
3os3,6.63
3osi,5.22
3osw,6.15
3ot3,8.3
3ot8,8.05
3otf,6.08
3otq,7.39
3otx,4.53
3ouh,7.1
3oui,4.9
3ouj,6.05
3ove,6.57
3ovx,7.51
3ovz,8.06
3ow3,6.13
3ow4,7.66
3owb,7.72
3owj,6.07
3owk,5.82
3own,7.47
3oxi,5.66
3oxz,8.07
3oy0,8.0
3oy1,7.8
3oy3,7.45
3oy8,3.66
3oyn,7.6
3oyq,7.99
3oyw,4.11
3ozg,9.19
3ozj,5.11
3ozp,6.62
3ozr,5.15
3ozs,5.33
3ozt,4.13
3p0g,10.08
3p17,4.48
3p1d,2.64
3p23,4.42
3p2e,6.22
3p2k,4.7
3p3g,9.74
3p3h,7.44
3p3j,7.92
3p3r,7.25
3p3s,7.59
3p3t,7.24
3p3u,6.48
3p44,8.01
3p4f,5.66
3p4r,2.72
3p4w,4.57
3p50,4.62
3p55,7.1
3p58,7.6
3p5l,7.39
3p76,8.68
3p78,6.96
3p79,5.64
3p7b,7.74
3p7c,7.66
3p7i,7.7
3p8e,5.15
3p8h,5.3
3p8n,9.28
3p8o,8.72
3p8p,4.55
3p8z,6.09
3p9h,5.06
3p9l,5.3
3p9m,5.0
3p9t,6.2
3pa3,9.0
3pa4,8.52
3pa5,8.7
3pa8,5.75
3pab,4.7
3pb3,6.22
3pb7,5.74
3pb9,6.58
3pbb,7.02
3pcb,2.4
3pcc,3.62
3pce,2.0
3pcf,6.05
3pcg,2.3
3pcj,7.22
3pck,6.7
3pcn,3.66
3pcu,5.29
3pd2,5.47
3pd3,4.44
3pd4,4.48
3pd8,6.46
3pd9,6.22
3pdc,7.49
3pdh,6.74
3pdq,6.74
3pe1,9.65
3pe2,9.76
3peq,7.5
3pfp,6.44
3pgl,5.3
3phe,7.8
3pix,7.0
3piy,6.54
3piz,5.46
3pj1,7.32
3pjg,3.55
3pju,4.88
3pkb,6.21
3pkc,6.02
3pkd,6.12
3pkn,4.66
3plu,5.77
3pm1,5.93
3pma,5.4
3pn1,6.96
3pn3,6.4
3pn4,6.85
3po1,4.02
3po6,7.06
3poa,7.0
3poz,7.64
3pp0,7.96
3pp1,8.49
3ppj,8.7
3ppk,8.85
3ppm,9.54
3ppo,5.3
3ppp,5.22
3ppq,4.55
3ppr,2.82
3pqz,4.46
3pr0,9.54
3prf,8.85
3prs,7.82
3prz,7.59
3ps1,10.17
3psb,8.52
3psd,8.52
3psl,6.89
3ptg,7.6
3pty,5.44
3puj,4.51
3pvu,6.54
3pvw,7.27
3pwd,6.66
3pwh,8.72
3pwk,3.35
3pwm,9.1
3pww,7.32
3px8,3.64
3px9,3.42
3pxe,5.7
3pxf,4.43
3pxq,4.43
3pxy,5.23
3pxz,5.23
3pz1,6.14
3pz2,6.14
3pz3,6.85
3pz4,8.22
3q2a,5.3
3q2g,8.46
3q2h,9.16
3q2m,3.8
3q32,8.74
3q3b,7.76
3q3k,8.13
3q3t,7.43
3q44,6.31
3q4b,9.33
3q4c,6.43
3q4j,6.21
3q4l,7.26
3q5h,6.25
3q5u,4.31
3q6k,8.37
3q6s,6.74
3q6w,7.57
3q6z,3.72
3q71,5.22
3q72,5.8
3q7q,5.65
3q8h,4.15
3q92,7.92
3q96,8.54
3qa2,6.68
3qaa,11.54
3qai,8.1
3qak,8.32
3qaq,7.0
3qar,6.49
3qbn,8.23
3qc9,6.06
3qce,5.6
3qch,5.48
3qcj,6.3
3qck,5.24
3qcl,5.4
3qcq,6.8
3qcs,6.5
3qcy,7.7
3qd0,8.5
3qd3,8.0
3qd4,8.2
3qdd,8.77
3qel,6.49
3qem,7.22
3qfd,4.17
3qfv,5.77
3qfy,6.12
3qfz,3.24
3qg6,9.14
3qgw,5.89
3qgy,7.8
3qi1,7.66
3qi3,3.78
3qi4,3.93
3qin,6.87
3qio,6.84
3qip,6.89
3qiz,5.21
3qj9,7.0
3qk0,8.7
3qk5,7.74
3qkd,8.38
3qkk,6.52
3qkm,7.42
3qkv,7.44
3ql9,6.3
3qlb,8.43
3qlm,6.37
3qmk,6.1
3qn7,6.8
3qo3,6.9
3qo9,5.92
3qox,6.57
3qpn,7.77
3qpo,6.61
3qpp,7.92
3qps,5.6
3qqa,5.82
3qqk,4.82
3qqs,5.82
3qqu,8.62
3qri,9.1
3qrj,8.4
3qs1,7.96
3qs4,4.68
3qs5,4.71
3qs8,4.74
3qsb,5.08
3qsd,7.19
3qt6,5.37
3qt7,7.31
3qtf,6.96
3qti,7.85
3qto,4.13
3qtq,5.51
3qtu,7.15
3qtv,4.65
3qtw,6.19
3qtx,7.15
3que,8.82
3qup,6.32
3qvu,3.55
3qvv,4.42
3qw5,6.45
3qw6,3.52
3qw7,5.74
3qw8,5.1
3qwc,4.26
3qx5,4.2
3qx8,2.86
3qx9,4.05
3qxc,5.77
3qxd,6.15
3qxh,5.24
3qxp,7.7
3qxt,5.22
3qzt,4.0
3qzv,4.16
3r02,9.0
3r04,6.92
3r0t,9.04
3r0w,4.52
3r0y,4.84
3r17,6.41
3r1v,6.92
3r21,6.74
3r24,5.25
3r2a,6.12
3r2b,8.4
3r2f,8.85
3r2y,8.07
3r42,4.08
3r4m,5.92
3r4n,6.89
3r4o,8.15
3r4p,7.96
3r5j,6.96
3r5n,5.78
3r5t,8.58
3r6g,7.6
3r6t,5.86
3r6u,4.52
3r7o,8.36
3r7r,8.74
3r88,4.82
3r8i,5.35
3r8u,5.3
3r8v,5.54
3r8z,4.31
3r91,7.04
3r92,7.02
3r93,6.51
3r9d,4.15
3rah,7.92
3rak,6.89
3ral,7.0
3rbm,6.57
3rbq,6.27
3rbu,9.43
3rcd,7.77
3rcj,6.1
3rde,7.46
3rdh,5.03
3rdo,9.85
3rdv,4.91
3re4,7.4
3rey,8.0
3rf4,6.25
3rf5,5.63
3rg2,4.2
3ri1,5.3
3ril,3.84
3rin,8.89
3rjc,5.24
3rk5,5.4
3rkz,7.08
3rl3,7.17
3rl4,5.42
3rl7,4.74
3rlp,7.08
3rlq,7.4
3rlr,7.52
3rm4,5.77
3rm8,6.15
3rm9,4.77
3rme,4.66
3rmf,4.09
3ro4,6.23
3roc,8.19
3rpv,7.15
3rq7,7.77
3rqe,4.77
3rqf,4.41
3rqg,4.64
3rqw,2.7
3rr4,4.55
3rsb,6.4
3rse,7.0
3rsr,4.36
3rsv,9.15
3rsx,4.41
3rt6,7.15
3rti,7.37
3rtm,4.42
3rtp,8.15
3ru1,4.85
3rul,6.85
3rum,5.77
3run,5.44
3rup,1.57
3rux,9.28
3rv4,2.3
3rv6,4.68
3rv7,4.85
3rv9,4.92
3rvg,8.3
3rvi,7.96
3rw9,5.96
3rwd,8.0
3rwe,7.37
3rwf,6.52
3rwg,8.55
3rwj,7.8
3rwp,9.22
3rwq,7.46
3rx5,6.27
3rx7,6.03
3rx8,6.21
3rxa,2.85
3rxb,2.66
3rxd,3.73
3rxe,4.76
3rxg,2.15
3rxh,1.8
3rxi,3.06
3rxj,3.06
3rxk,2.68
3rxl,2.62
3rxm,3.63
3rxp,2.08
3ry8,3.34
3ryj,7.8
3ryv,7.07
3ryw,6.24
3ryx,8.14
3rz0,7.55
3rz1,8.74
3rz5,7.89
3rz7,8.96
3rz8,8.17
3rzi,5.33
3s00,4.92
3s0b,6.49
3s0d,7.05
3s0e,6.55
3s0j,3.77
3s0n,6.74
3s0o,4.48
3s1h,4.77
3s2a,8.09
3s2v,6.8
3s3i,7.8
3s3k,4.01
3s3m,7.4
3s3n,7.06
3s3o,7.57
3s3q,8.77
3s3r,8.68
3s3v,6.23
3s43,8.6
3s4q,8.4
3s54,9.64
3s5y,7.41
3s68,8.66
3s6t,7.35
3s71,8.64
3s72,6.4
3s73,8.7
3s74,8.4
3s75,6.82
3s76,5.05
3s78,6.47
3s7b,6.3
3s7l,7.1
3s7m,8.0
3s8l,5.64
3s8n,6.21
3s8o,6.85
3s8x,7.3
3s9e,5.13
3s9t,6.82
3s9y,6.44
3s9z,6.22
3sad,5.96
3sap,7.59
3sax,6.57
3saz,6.1
3sb0,5.26
3sbh,7.28
3sc1,4.38
3sd5,6.58
3sdg,5.55
3sdk,6.8
3sfc,8.52
3sff,6.7
3sfg,6.06
3sfh,7.05
3sgx,5.49
3sh0,5.66
3sh1,7.39
3sha,5.59
3shb,6.03
3shj,7.47
3shv,6.66
3shy,7.04
3shz,7.44
3si3,4.16
3sie,7.88
3sio,8.0
3sjf,7.64
3sjo,5.78
3sk2,3.61
3ska,7.49
3skc,8.8
3ske,7.77
3skg,8.1
3skh,6.05
3sl1,3.59
3sl4,7.57
3sl5,7.66
3sl8,6.54
3slz,6.99
3sm0,6.13
3sm1,5.84
3sm2,9.7
3smq,5.02
3sn7,9.15
3sn8,5.65
3snb,4.38
3snc,4.39
3sni,7.96
3snl,9.15
3so6,5.39
3so9,8.56
3sou,5.68
3sov,4.21
3sow,5.14
3spf,3.86
3spk,8.52
3sqq,5.32
3srb,4.19
3src,3.89
3srg,5.7
3st5,11.3
3std,11.11
3stj,4.8
3str,8.4
3su0,6.79
3su1,6.68
3su2,7.35
3su4,6.26
3su5,5.58
3su6,6.02
3sud,9.85
3sur,4.15
3sut,7.85
3suv,4.55
3suw,4.7
3sv2,4.19
3sv6,7.46
3sv7,6.08
3sv8,7.91
3svj,6.93
3svv,6.94
3sw8,4.5
3sww,8.4
3sx4,8.52
3sxf,8.6
3sxu,5.05
3sym,4.57
3syr,5.1
3sz1,4.66
3sz9,5.27
3szb,4.92
3szm,6.4
3t01,4.48
3t03,6.8
3t07,7.8
3t08,3.04
3t09,3.8
3t0d,2.37
3t0l,4.52
3t0m,3.94
3t0w,7.3
3t0x,8.0
3t19,8.66
3t1a,8.37
3t1l,3.26
3t1m,3.04
3t1n,6.1
3t2c,4.6
3t2p,3.6
3t2q,3.66
3t2v,6.99
3t2w,7.46
3t3c,10.23
3t3d,4.91
3t3e,5.99
3t3g,5.49
3t3h,5.71
3t3i,4.77
3t3u,8.6
3t3v,8.52
3t4h,5.28
3t4n,4.14
3t4p,5.19
3t4v,6.3
3t5u,7.59
3t60,6.7
3t64,6.7
3t6b,6.36
3t6y,5.52
3t70,6.3
3t7g,5.2
3t82,7.0
3t84,6.97
3t85,7.95
3t8v,6.59
3t8w,7.54
3ta0,3.47
3ta1,3.25
3tam,8.43
3tao,5.14
3tay,3.38
3tc5,5.17
3tcg,5.87
3tcp,8.37
3tct,8.52
3tcy,4.62
3td4,5.66
3tdc,8.27
3tdj,5.25
3tdu,5.67
3tdz,6.82
3te5,4.91
3tf6,6.4
3tfn,6.57
3tfp,6.47
3tfu,3.28
3tfv,7.1
3tg5,4.7
3tge,10.15
3tgs,5.39
3th0,4.12
3th8,6.25
3th9,7.7
3thb,8.7
3thd,4.05
3ti1,3.89
3ti3,8.74
3ti4,6.02
3ti5,8.95
3ti6,9.27
3ti8,9.05
3tia,8.51
3tjc,7.51
3tjd,9.0
3tjh,5.41
3tjm,5.2
3tkh,7.33
3tki,10.3
3tkm,9.0
3tkw,5.27
3tkz,5.92
3tl0,6.59
3tl5,7.85
3tlh,8.82
3tll,4.39
3tmk,6.87
3tn8,6.13
3tne,5.72
3tnh,6.46
3tpp,7.82
3tpr,7.7
3tpu,4.32
3tpx,9.35
3ts4,8.72
3tsk,7.17
3tsz,4.46
3tt0,9.05
3tt4,8.28
3tti,8.22
3ttj,6.68
3ttm,8.52
3ttn,7.84
3ttz,8.4
3tu1,6.6
3tu9,5.12
3tv4,6.96
3tv5,5.32
3tv6,8.32
3tv7,7.52
3tv8,7.15
3tvl,4.0
3tvw,4.43
3tvx,4.14
3twd,7.74
3twj,7.84
3twp,3.92
3twv,4.76
3tww,5.38
3txo,8.05
3ty0,7.08
3tyq,8.3
3tyv,8.1
3tz0,5.04
3tz2,5.24
3tza,5.5
3tzd,4.28
3tzm,7.77
3u0d,10.0
3u0p,5.68
3u0t,9.52
3u10,5.44
3u1i,5.25
3u2k,7.52
3u2q,8.22
3u3f,5.1
3u3u,6.88
3u3z,5.36
3u4i,3.89
3u4o,7.28
3u4r,7.41
3u4u,8.52
3u4w,8.4
3u5j,5.61
3u5l,6.19
3u6a,6.49
3u6h,9.0
3u6i,9.0
3u6j,8.21
3u6w,6.92
3u78,5.6
3u7k,7.07
3u7l,7.28
3u7m,7.45
3u7n,7.95
3u7s,8.43
3u81,4.44
3u8h,6.49
3u8k,8.66
3u8l,8.05
3u8w,9.0
3u93,6.31
3u9n,7.0
3ua8,7.85
3ua9,7.25
3ual,5.81
3ubd,5.54
3ucj,6.0
3ud7,4.74
3ud8,5.38
3ud9,4.67
3uda,5.01
3udd,7.1
3udh,2.85
3udj,3.62
3udm,4.48
3udp,5.22
3udq,6.0
3udr,4.96
3udv,5.59
3udy,5.7
3ue4,8.96
3uec,4.21
3ued,4.53
3ueo,4.03
3uew,6.31
3uex,6.92
3uf9,2.11
3ufl,6.82
3ug2,8.25
3ugc,6.02
3uh2,6.0
3uh4,7.96
3uhm,8.44
3ui2,6.37
3ui7,9.0
3uib,6.8
3uil,6.0
3uix,6.82
3uj9,4.63
3ujb,5.1
3ujc,4.59
3ujd,4.69
3ukr,4.92
3uli,7.15
3umo,3.89
3ump,2.99
3umx,6.62
3unj,4.96
3unk,4.82
3unz,7.8
3uo4,6.52
3uo5,7.41
3uo6,7.82
3uo9,7.1
3uod,7.31
3uoh,7.89
3uoj,7.29
3uol,8.51
3up2,7.4
3up7,8.21
3upf,6.7
3uph,7.82
3upi,8.22
3upx,8.12
3upy,5.62
3uqr,7.24
3ur9,6.31
3uri,9.0
3usn,6.15
3usx,5.02
3utu,10.92
3uu1,5.2
3uug,4.51
3uuo,7.96
3uvk,6.8
3uvl,5.69
3uvm,7.52
3uvn,6.59
3uvp,7.46
3uvu,7.38
3uvx,4.34
3uw4,7.77
3uw5,7.85
3uwk,4.24
3ux0,6.26
3uxd,4.41
3uxg,3.96
3uxl,5.57
3uxm,4.7
3uyr,6.9
3uyt,8.1
3uz5,7.22
3uza,8.94
3uzj,5.55
3uzp,7.89
3v04,7.89
3v0l,5.52
3v0p,6.28
3v1r,7.68
3v2n,6.1
3v2o,5.31
3v30,3.74
3v31,5.8
3v3b,7.26
3v3m,5.32
3v3q,6.6
3v3v,5.34
3v49,8.02
3v4j,5.04
3v4t,4.11
3v4v,7.38
3v51,8.55
3v5g,7.13
3v5j,7.96
3v5l,8.15
3v5p,8.96
3v5q,7.4
3v5t,8.22
3v66,8.89
3v6r,6.15
3v6s,9.12
3v78,5.54
3v7c,5.74
3v7s,7.05
3v8t,9.52
3v9b,9.3
3va4,4.4
3vap,8.4
3vb4,4.31
3vb5,5.34
3vb6,4.41
3vb7,4.31
3vbd,8.07
3vbg,7.48
3vbq,9.33
3vbt,4.43
3vbv,5.0
3vbw,5.22
3vbx,4.77
3vby,4.55
3vc4,7.62
3vd4,4.82
3vd7,4.48
3vd9,4.0
3vdb,2.52
3vdc,4.92
3veh,4.96
3veu,7.26
3vf3,5.86
3vf5,9.34
3vf7,9.1
3vf9,8.72
3vfb,9.04
3vfj,7.04
3vfq,5.19
3vgc,5.51
3vha,7.4
3vhc,8.89
3vhd,9.28
3vhe,8.21
3vhk,4.6
3vhv,6.29
3vi2,3.77
3vi5,5.68
3vi7,7.39
3vje,8.01
3vjk,9.43
3vjl,8.25
3vjm,9.43
3vnt,8.66
3vo3,8.85
3voz,6.85
3vp1,5.48
3vp2,5.1
3vp3,4.95
3vp4,4.73
3vqs,7.75
3vqu,7.43
3vrt,8.57
3vru,10.0
3vrv,10.54
3vrw,9.39
3vry,8.11
3vs3,9.37
3vsw,6.89
3vsx,8.85
3vtb,9.3
3vtc,7.89
3vtd,7.92
3vtr,5.57
3vuc,9.05
3vv6,3.8
3vv7,5.34
3vv8,4.77
3vva,9.32
3vvy,4.84
3vvz,4.58
3vw0,4.67
3vw1,4.67
3vw7,8.1
3vws,3.65
3vyd,6.39
3vye,8.11
3vyf,8.8
3vzd,6.3
3vzg,1.72
3w07,3.38
3w0l,7.02
3w1f,8.44
3w2o,5.08
3w2p,5.09
3w2q,7.18
3w2r,7.72
3w2s,8.16
3w33,7.44
3w37,5.18
3w54,9.7
3w55,7.1
3w5e,7.96
3w5t,4.52
3w8o,7.62
3w9k,6.32
3w9r,6.18
3wav,6.74
3waw,6.24
3wax,7.89
3way,7.66
3wb4,4.44
3wb5,4.57
3wbl,4.64
3wc5,8.7
3wcg,6.85
3wci,6.57
3wcl,6.59
3wd1,7.66
3wd2,6.24
3wd9,8.08
3wdc,7.92
3wdd,6.11
3we4,7.82
3wf6,7.48
3wf7,6.69
3wf8,6.63
3wf9,6.25
3wff,6.18
3wgg,4.4
3wgw,5.89
3wha,9.32
3wi2,7.04
3wi6,5.33
3wig,8.64
3wix,6.27
3wiy,6.21
3wiz,8.36
3wjw,3.87
3wk6,5.2
3wk7,3.9
3wk9,4.15
3wka,4.54
3wkc,3.71
3wkd,3.77
3wke,8.89
3wmb,5.37
3wmc,6.51
3wnr,6.28
3wns,5.96
3wp0,4.99
3wp1,4.85
3wpn,4.36
3wq5,3.85
3wqh,8.48
3wqm,6.25
3wqv,5.21
3wqw,5.23
3ws8,6.68
3ws9,7.04
3wsy,6.36
3wt5,9.54
3wt7,8.75
3wti,5.9
3wtj,6.53
3wtn,7.04
3wut,6.49
3wuv,5.17
3wv1,11.41
3wv2,7.92
3wvm,5.71
3wyk,7.64
3wyl,8.85
3wym,9.52
3wyx,8.37
3wyy,8.49
3wz7,5.74
3wzk,7.24
3wzn,7.0
3wzp,6.82
3wzq,6.23
3x00,9.08
3x1k,3.59
3zbf,7.52
3zc5,7.13
3zc6,9.22
3zcl,8.0
3zcw,6.19
3zcz,6.77
3zdg,7.1
3zdv,5.48
3zep,7.66
3zev,8.64
3zhx,6.68
3zhz,7.05
3zi0,7.4
3zi8,5.66
3zj6,6.66
3zj8,3.9
3zjc,5.05
3zk6,6.34
3zki,5.92
3zlk,5.88
3zln,8.47
3zlo,8.82
3zlq,6.04
3zls,4.4
3zlv,3.52
3zlw,3.7
3zly,3.52
3zm4,5.96
3zm6,6.52
3zm9,7.42
3zmg,7.64
3zmh,5.28
3zmi,5.95
3zmj,4.93
3zmm,9.14
3zmt,4.55
3zmu,4.3
3zmv,4.26
3zmz,4.74
3zn0,4.97
3zn1,4.54
3znr,7.44
3zo2,7.1
3zos,8.89
3zot,5.95
3zov,7.22
3zp9,7.82
3zpq,7.17
3zpr,6.65
3zpt,8.51
3zqe,4.23
3zqi,7.19
3zqt,4.41
3zrc,5.27
3zrl,6.8
3zrm,6.89
3zso,5.12
3zst,1.72
3zsx,3.28
3zsy,3.23
3zt2,2.84
3zt3,2.86
3zt4,2.8
3ztd,4.02
3ztx,7.74
3zuk,7.46
3zvt,5.92
3zvy,5.1
3zw3,7.47
3zxe,3.35
3zxh,8.52
3zxr,7.7
3zxv,7.31
3zxz,8.4
3zy2,6.46
3zy5,6.64
3zya,7.0
3zyb,5.38
3zyf,4.85
3zyr,5.34
3zze,8.89
3zzf,0.4
3zzh,3.36
456c,9.77
4a0j,6.0
4a16,9.37
4a1w,7.3
4a22,8.49
4a23,5.89
4a2a,4.35
4a4c,3.61
4a4e,3.32
4a4f,2.88
4a4g,2.99
4a4h,2.77
4a4l,7.82
4a4o,8.05
4a4q,9.4
4a4v,6.54
4a4x,7.23
4a50,7.91
4a51,6.73
4a6b,8.38
4a6l,8.0
4a6v,5.72
4a6w,5.72
4a7b,7.4
4a7c,8.22
4a7i,8.7
4a95,5.76
4a9c,4.61
4a9i,4.9
4a9m,6.3
4a9n,5.82
4a9r,7.8
4a9s,7.21
4a9u,7.22
4aa0,7.46
4aa4,8.05
4aa5,7.8
4aa7,5.7
4aac,8.17
4aaw,6.3
4ab8,3.87
4ab9,3.33
4aba,3.82
4abb,4.51
4abd,4.4
4abe,3.4
4abf,4.62
4abg,3.57
4abh,4.15
4abi,8.2
4abk,5.72
4abu,6.28
4acc,7.7
4acd,8.31
4acm,6.68
4acu,7.39
4acx,7.11
4ad6,4.78
4ael,7.92
4af3,7.51
4afe,7.14
4afg,8.3
4afh,9.54
4afj,6.4
4aft,6.47
4agc,10.7
4agd,8.41
4agl,3.65
4agm,3.98
4agn,3.97
4ago,4.81
4agp,4.69
4agq,5.01
4ah9,2.46
4ahr,2.19
4ahv,1.82
4ai5,2.92
4aia,3.66
4aig,6.52
4aj1,3.11
4aje,3.68
4aji,3.55
4ajk,3.11
4ajl,3.8
4ajn,7.16
4ajo,7.03
4ajw,5.86
4akn,6.1
4al4,6.89
4alg,6.3
4alu,7.77
4alv,8.15
4alw,7.57
4aml,2.1
4amw,1.55
4amy,10.82
4amz,9.82
4an0,10.7
4an1,10.26
4an2,9.05
4an3,9.22
4an9,7.36
4anb,8.18
4anq,6.22
4anv,6.36
4aoc,4.27
4aof,7.1
4aoi,8.4
4aom,7.07
4ap0,8.0
4ap7,7.96
4aph,5.4
4apo,4.91
4app,7.19
4apr,6.7
4aq3,7.43
4aq4,6.17
4aq6,4.8
4aqh,6.54
4ara,6.05
4arb,5.89
4ark,7.2
4aro,6.8
4arw,7.13
4as9,4.79
4asd,9.28
4ase,11.0
4asj,7.55
4ask,7.22
4at4,7.92
4at5,7.42
4att,6.98
4au7,4.76
4au8,6.26
4aua,5.14
4auj,7.74
4auy,7.74
4av0,6.98
4av5,7.21
4avh,7.23
4avi,7.63
4avj,7.44
4avs,3.49
4avu,7.85
4avw,7.62
4aw5,6.12
4awi,6.0
4awm,5.72
4awp,7.09
4ax9,9.57
4axd,4.43
4axm,7.89
4ay5,6.27
4ay6,5.12
4ayp,6.12
4ayq,7.33
4ayr,7.0
4ayt,3.7
4ayu,4.73
4ayv,9.17
4ayw,4.0
4ayx,3.7
4ayy,8.17
4az0,7.42
4az3,8.3
4az6,9.1
4azc,5.86
4aze,8.11
4azf,6.35
4azg,7.1
4azi,7.45
4azp,5.9
4azt,4.17
4azy,6.7
4b00,8.61
4b0c,2.07
4b0g,7.82
4b0j,2.15
4b11,5.64
4b13,5.7
4b14,6.22
4b1c,7.1
4b1d,7.49
4b1j,7.3
4b2d,3.7
4b2i,3.0
4b2l,3.24
4b32,3.34
4b33,3.37
4b3b,3.6
4b3c,2.68
4b3d,2.68
4b3u,5.33
4b4g,6.76
4b4m,6.69
4b4n,3.44
4b5b,6.41
4b5d,7.89
4b5s,3.49
4b5t,3.33
4b5w,3.33
4b60,5.43
4b6c,6.16
4b6p,7.13
4b6q,7.55
4b6s,6.01
4b6u,5.11
4b71,5.89
4b72,6.2
4b73,7.21
4b74,7.66
4b76,4.54
4b77,5.1
4b7j,7.95
4b7p,9.46
4b7q,9.74
4b7r,9.64
4b7z,4.31
4b80,4.4
4b81,4.92
4b82,4.39
4b83,5.15
4b84,4.66
4b85,4.06
4b8o,8.4
4b8p,6.85
4b8y,8.05
4b95,4.28
4b9h,5.35
4b9k,6.17
4b9w,4.17
4b9z,4.09
4ba3,5.54
4bah,8.7
4bak,8.91
4bam,8.94
4ban,8.61
4baq,9.01
4bb2,7.07
4bb4,6.72
4bb9,6.0
4bbe,8.44
4bbf,8.66
4bbg,8.32
4bc5,4.6
4bcb,8.52
4bcc,8.05
4bcf,8.15
4bcg,8.15
4bch,7.66
4bck,8.4
4bcm,6.91
4bcn,7.92
4bcp,6.25
4bcs,6.99
4bd3,4.54
4bda,5.57
4bdb,4.07
4bdc,4.93
4bdd,4.43
4bde,4.8
4bdf,4.09
4bdg,4.12
4bdh,4.11
4bdi,3.64
4bdj,5.14
4bdk,5.44
4bds,7.6
4bdt,8.96
4bea,8.3
4bek,4.39
4bfd,7.02
4bfp,7.82
4bfr,7.64
4bfy,6.92
4bg1,6.31
4bg6,7.16
4bgg,7.82
4bgh,8.4
4bgm,6.21
4bgx,1.77
4bgy,2.96
4bh3,1.92
4bh4,1.49
4bhf,3.46
4bhi,7.05
4bhn,8.2
4bhz,4.27
4bi0,4.23
4bi1,4.16
4bi2,4.03
4bi6,3.95
4bi7,4.58
4bib,6.6
4bic,7.3
4bis,5.85
4bj8,8.29
4bj9,7.35
4bjb,6.66
4bjx,7.66
4bks,3.82
4bkt,3.62
4bky,7.92
4bkz,7.57
4bnt,3.86
4bnu,7.7
4bnv,7.52
4bnx,7.7
4bnz,6.59
4bo2,7.3
4bo3,6.52
4bo4,6.89
4bo5,7.1
4bo6,6.74
4bo7,7.0
4bo8,6.92
4bo9,6.51
4bpi,6.17
4bps,2.99
4bqh,5.59
4bqs,4.21
4bqt,5.79
4bqw,7.48
4bqx,6.52
4bqy,5.96
4br3,5.72
4brx,6.49
4bs0,5.7
4bs4,8.22
4bs5,8.22
4bt3,3.12
4bt4,3.34
4bt5,2.76
4bt9,3.84
4btb,5.01
4bti,9.7
4btk,6.62
4btl,5.6
4btm,5.39
4btt,8.84
4btu,9.3
4btx,6.54
4bty,7.7
4bup,4.95
4buq,8.14
4bvb,4.48
4bw1,5.9
4bw2,5.2
4bw3,6.3
4bxk,7.95
4byj,6.57
4bzn,5.84
4bzo,7.89
4bzr,7.6
4bzs,7.12
4c16,4.96
4c1c,4.97
4c1f,4.63
4c1t,7.15
4c1u,7.09
4c1w,9.41
4c2v,9.0
4c35,6.25
4c36,7.7
4c37,7.71
4c4e,7.6
4c4g,8.22
4c4h,8.22
4c4i,7.66
4c4j,8.52
4c4n,6.1
4c5d,5.4
4c5w,5.48
4c61,8.4
4c66,4.1
4c68,6.17
4c6u,4.59
4c6v,4.59
4c6z,3.45
4c73,4.92
4c8r,6.82
4c94,5.05
4c9x,7.32
4ca4,7.18
4ca5,9.39
4ca6,6.74
4ca7,7.36
4ca8,6.68
4cae,7.74
4caf,7.12
4cbt,7.3
4cby,7.7
4cc3,4.14
4cc5,4.42
4cc6,6.64
4cc7,4.33
4ccd,4.49
4cd0,9.7
4cd1,4.89
4cd4,6.58
4cd5,6.71
4cd6,3.59
4cd8,2.89
4cdr,5.1
4ce1,4.38
4ce2,3.84
4ce3,3.96
4cfe,7.22
4cfm,4.74
4cft,4.95
4cfw,6.29
4cg9,6.21
4cga,6.4
4cgj,2.84
4ci1,6.6
4ci2,6.75
4ci3,6.81
4cik,6.43
4civ,4.95
4cix,4.47
4ciy,4.57
4ciz,7.29
4cj4,3.36
4cjp,3.32
4cjq,3.59
4cjr,3.1
4ck3,3.57
4cki,5.96
4ckj,4.84
4ckr,6.98
4cku,6.82
4cl9,7.3
4clb,6.55
4clj,9.15
4clz,4.37
4cmt,9.7
4cmu,9.7
4cp5,3.34
4cp7,8.11
4cpq,7.74
4cpr,7.46
4cps,8.27
4cpt,7.7
4cpu,7.53
4cpx,7.77
4cpz,7.68
4cqe,8.43
4cqf,4.3
4cqg,9.39
4cr9,4.1
4cra,7.22
4crc,8.72
4crd,7.1
4crf,9.3
4crj,5.96
4crl,9.71
4cs9,2.1
4csd,5.91
4csj,8.31
4css,8.46
4cst,8.89
4csy,3.06
4ctj,2.51
4cu1,4.71
4cu8,4.47
4cwb,6.09
4cwf,4.49
4cwn,5.59
4cwo,5.21
4cwp,6.77
4cwq,7.06
4cwr,8.3
4cxw,6.09
4cxx,5.68
4cxy,4.93
4cy1,6.74
4czs,5.0
4d08,8.0
4d09,8.77
4d0w,7.7
4d0x,8.1
4d1a,4.72
4d1b,4.44
4d1d,5.74
4d1j,6.31
4d2d,3.47
4d2p,5.68
4d2s,7.7
4d2t,6.0
4d2v,7.43
4d2w,4.51
4d4d,5.96
4d52,3.11
4d62,2.44
4d7b,7.68
4d83,7.26
4d85,6.85
4d89,8.7
4d8a,3.42
4d8c,8.7
4d8e,7.01
4d8i,6.69
4d8n,5.74
4d8s,6.49
4d8z,6.29
4d9p,3.84
4da5,6.44
4daf,7.12
4dai,6.96
4daw,7.08
4dbm,7.62
4dbn,8.15
4dcd,5.75
4dcs,5.1
4dcv,4.59
4dcx,4.5
4dcy,4.52
4ddk,2.29
4ddl,8.31
4ddm,2.46
4ddy,5.62
4de0,5.89
4de1,5.96
4de2,4.12
4de3,5.52
4de5,3.15
4deb,6.43
4ded,7.42
4deg,8.22
4dei,9.0
4del,7.68
4dem,7.55
4der,6.31
4des,5.85
4det,5.68
4deu,5.64
4dew,7.0
4dfb,4.6
4dff,7.46
4dfg,11.74
4dfl,6.17
4dfn,7.7
4dfu,4.6
4dgb,3.89
4dgg,6.1
4dgm,5.92
4dgr,5.04
4dh6,7.77
4dhf,7.55
4dhl,4.48
4dhm,3.78
4dhn,3.89
4dho,3.93
4dhp,4.44
4dhq,4.49
4dhu,5.3
4di2,8.26
4dij,7.52
4dj7,6.3
4djh,9.49
4djo,11.52
4djp,10.55
4djx,7.23
4djy,8.27
4dk5,8.4
4dk7,7.7
4dk8,5.74
4dko,6.52
4dkp,5.72
4dkq,6.6
4dkr,6.52
4dkt,4.8
4dld,5.82
4dli,5.62
4dlj,5.92
4dma,6.19
4dmw,4.94
4dmy,9.0
4dn0,5.72
4do3,4.1
4dpf,6.4
4dpi,7.11
4dpy,5.37
4dq2,7.52
4dr9,8.0
4drk,5.08
4drm,5.24
4drn,5.24
4dro,5.41
4dru,8.62
4ds1,4.75
4dst,2.96
4dsu,2.82
4dt2,4.37
4dt6,7.23
4dtk,8.52
4dtt,5.54
4du8,5.37
4duh,5.18
4dum,7.02
4dus,8.3
4dv9,6.72
4dvf,6.89
4dvi,6.72
4dwb,5.74
4dwg,7.24
4dwk,6.22
4dxg,7.06
4dxj,7.42
4dzy,5.62
4e0x,7.12
4e1e,6.31
4e1m,7.26
4e1n,7.17
4e26,6.4
4e28,5.89
4e34,6.01
4e35,4.62
4e3b,6.05
4e3d,2.3
4e3f,2.52
4e3g,4.97
4e3h,7.05
4e3i,8.89
4e3j,8.92
4e3k,9.1
4e3l,8.52
4e3n,10.3
4e3o,6.51
4e49,5.11
4e4a,2.05
4e4l,8.77
4e4x,8.15
4e5d,6.22
4e5f,4.82
4e5i,5.3
4e5j,4.73
4e5w,7.66
4e6c,4.82
4e6d,8.92
4e6q,8.36
4e70,5.28
4e7r,7.7
4e81,5.24
4e8z,6.64
4e90,8.1
4e93,6.93
4e96,6.66
4e9d,7.7
4e9u,5.82
4ea1,6.44
4ear,9.82
4eb8,9.82
4ec4,7.6
4ede,7.38
4edu,3.99
4edy,5.83
4edz,8.08
4ee0,8.63
4eeh,4.35
4eev,8.33
4ef6,2.92
4efg,7.26
4efk,2.49
4efs,8.6
4eft,4.07
4efu,6.6
4eg5,8.1
4eg6,7.37
4eg7,7.34
4egi,3.82
4egk,7.72
4eh2,3.16
4eh3,3.53
4eh4,2.81
4eh5,3.09
4eh6,2.46
4eh8,2.2
4eh9,2.26
4ehe,8.49
4ehg,7.19
4ehm,5.85
4ehv,2.29
4ehz,8.0
4ei4,8.74
4ej8,5.39
4ejf,5.1
4ejl,5.14
4ejn,8.3
4ek9,4.42
4eke,4.48
4eki,10.0
4eky,3.52
4el0,4.49
4el5,5.37
4el9,5.36
4elb,8.3
4elf,8.03
4elg,8.16
4elh,8.09
4emf,7.08
4emr,7.49
4emv,8.3
4en4,5.52
4enx,6.26
4eny,7.05
4eo4,6.35
4eo6,8.7
4eo8,8.15
4eoi,6.05
4eok,5.07
4eol,6.05
4eor,6.3
4eos,6.05
4eox,9.55
4eoy,6.49
4epy,3.47
4eqc,8.1
4eqf,6.81
4eqj,5.6
4er1,6.62
4er4,6.8
4ere,8.38
4erf,9.4
4erk,4.57
4erq,7.12
4erw,8.15
4ery,7.27
4erz,7.06
4es0,6.99
4esg,5.56
4esi,4.15
4est,5.02
4etz,6.3
4eu0,6.4
4euc,6.1
4euo,5.05
4euv,6.3
4ew2,6.68
4ew3,6.74
4ewh,9.52
4ewo,7.36
4ewr,6.27
4exg,8.07
4exh,6.15
4exs,4.41
4exz,7.54
4eyj,6.21
4eym,4.01
4ez3,4.35
4ez5,6.52
4ezj,8.42
4ezk,8.2
4ezl,8.59
4ezo,6.52
4ezt,5.13
4ezw,6.0
4ezx,5.8
4ezy,5.65
4ezz,5.19
4f08,6.6
4f09,6.7
4f1l,5.12
4f1s,8.7
4f20,3.29
4f2w,11.3
4f39,5.7
4f3h,6.38
4f3k,10.16
4f4p,9.22
4f5y,5.43
4f63,6.3
4f64,7.2
4f65,8.6
4f6s,5.49
4f6u,6.15
4f6v,5.8
4f6w,7.52
4f6x,5.09
4f70,5.74
4f7j,5.24
4f7l,8.0
4f7n,7.1
4f7v,5.38
4f8h,4.24
4f8j,5.07
4f9u,6.03
4f9v,6.03
4f9y,6.74
4fab,8.06
4fai,6.99
4fak,4.28
4fbe,6.99
4fc0,7.16
4fcb,8.54
4fcd,9.55
4fcf,8.62
4fci,1.26
4fcq,7.0
4fcr,9.4
4fe9,3.0
4fea,6.47
4fem,4.06
4feq,5.96
4fev,5.42
4few,5.21
4ff8,6.4
4fgt,5.41
4fgx,7.14
4fgz,2.87
4fhh,7.46
4fhi,7.0
4fht,6.17
4fi9,7.34
4fic,4.7
4fil,7.47
4fiv,6.52
4fk6,9.7
4fl3,3.82
4flh,9.0
4flj,5.13
4flk,5.25
4fll,5.29
4flp,6.72
4fm7,7.24
4fm8,5.97
4fmq,5.05
4fmu,6.44
4fn5,6.76
4fnn,7.57
4fns,6.7
4fny,7.8
4fnz,7.8
4fob,8.3
4foc,8.52
4fod,8.92
4fp1,4.57
4fpf,4.41
4fpk,4.24
4fqo,5.16
4fr3,7.15
4frj,6.55
4frk,8.1
4fs3,7.85
4fs4,6.57
4fse,7.4
4fsl,7.7
4fut,6.51
4fvr,6.0
4fxf,5.19
4fxj,3.62
4fxp,4.09
4fxq,5.77
4fxy,7.54
4fxz,7.03
4fyh,4.85
4fyo,7.33
4fys,4.82
4fz6,6.9
4fzj,3.15
4g0c,7.92
4g0k,5.37
4g0p,3.01
4g0q,2.52
4g0y,2.3
4g0z,2.21
4g19,3.58
4g1f,7.77
4g2f,6.8
4g2l,7.49
4g2r,4.45
4g2w,8.8
4g31,9.4
4g34,7.93
4g3f,8.36
4g3g,8.43
4g55,4.92
4g5f,3.05
4g5y,2.77
4g68,7.92
4g69,5.98
4g8l,8.0
4g8m,7.89
4g8n,7.2
4g8o,7.66
4g8r,7.66
4g8y,4.59
4g90,4.51
4g93,3.52
4g95,7.61
4ga3,7.52
4gah,6.1
4gb9,6.27
4gby,3.46
4gbz,3.11
4gcj,7.7
4gd6,7.38
4gdy,7.08
4ge1,6.43
4ge2,6.05
4ge4,8.11
4ge5,6.57
4ge7,8.15
4ge9,8.8
4gee,9.0
4gfd,9.48
4gfm,7.22
4gfn,8.3
4ggl,9.0
4ggz,10.18
4gh6,7.68
4ghi,7.09
4ght,5.78
4gid,10.77
4gih,8.32
4gj2,8.6
4gj7,6.77
4gja,5.92
4gjc,7.05
4gjd,8.52
4gk3,7.25
4gk4,7.85
4gk7,7.9
4gkc,6.82
4gkh,4.67
4gkm,5.17
4glr,9.46
4glw,6.1
4glx,7.8
4gly,5.11
4gm3,9.0
4gm8,9.0
4gmc,7.74
4gmy,7.55
4gne,2.47
4gnf,3.35
4gng,3.54
4gpk,7.52
4gpl,5.89
4gq4,7.66
4gq6,7.28
4gql,9.59
4gqp,9.6
4gqq,2.89
4gqr,3.96
4gr0,9.55
4gr3,7.81
4gr8,7.83
4gs9,5.66
4gsy,6.92
4gtm,8.04
4gto,7.98
4gtp,7.94
4gtq,8.3
4gtr,8.3
4gtt,8.22
4gtv,7.42
4gu6,7.36
4gu9,4.37
4gue,5.24
4gui,3.64
4guj,3.05
4gv1,8.52
4gv8,6.49
4gvc,4.71
4gvd,4.57
4gvm,6.11
4gvu,7.52
4gw5,5.46
4gw6,6.2
4gw8,6.06
4gwi,3.69
4gxl,5.28
4gye,6.85
4gz3,5.74
4gzt,7.77
4gzw,4.52
4gzx,3.19
4h1e,8.52
4h1j,5.92
4h1m,7.11
4h2m,5.21
4h36,4.27
4h38,6.04
4h39,6.68
4h3a,6.29
4h3b,5.17
4h3g,8.22
4h3i,8.52
4h3j,7.05
4h3q,5.1
4h4d,6.82
4h4e,6.68
4h4m,8.52
4h58,6.72
4h5c,7.55
4h5e,6.07
4h71,4.45
4h75,6.6
4h7q,5.06
4h81,5.12
4h85,5.15
4ha5,7.24
4hai,8.1
4hbm,7.92
4hbn,6.1
4hbp,8.42
4hbw,5.32
4hbx,5.72
4hco,4.32
4hct,7.14
4hcu,8.0
4hcv,6.4
4hdc,8.92
4hdp,7.51
4he9,8.46
4heg,8.92
4hej,4.62
4heu,10.01
4hev,6.34
4hf4,8.62
4hfp,7.38
4hg7,7.05
4hgc,10.0
4hge,7.92
4hgl,8.1
4hgs,8.3
4hgt,7.4
4hhy,8.72
4hhz,7.72
4hiq,8.21
4his,8.09
4hki,6.85
4hkk,5.54
4hkn,5.96
4hkp,4.55
4hl5,6.35
4hla,10.8
4hlg,6.51
4hlh,5.96
4hlk,5.96
4hlw,5.38
4hmh,6.21
4hn2,6.89
4hnc,3.17
4hnf,6.15
4hnp,6.78
4hod,6.1
4hp0,6.12
4hpi,4.85
4hpy,9.92
4hra,10.1
4hrc,8.92
4hrd,8.82
4hs6,7.52
4hso,4.66
4ht2,6.54
4ht6,6.21
4htp,5.62
4htx,8.33
4hu1,7.54
4huo,4.7
4hv3,3.94
4hv7,3.52
4hva,5.89
4hvb,9.95
4hvd,8.85
4hvg,7.77
4hvh,7.72
4hvi,7.16
4hvs,7.8
4hw3,6.49
4hwb,9.24
4hwo,8.54
4hwp,7.76
4hwr,6.74
4hws,9.1
4hxl,5.66
4hxm,6.1
4hxr,5.39
4hxs,5.39
4hxw,8.7
4hxz,6.05
4hy0,6.7
4hy4,8.57
4hy5,8.89
4hy9,7.1
4hyb,6.46
4hyf,7.6
4hyh,9.0
4hyi,8.52
4hym,8.22
4hys,7.26
4hzt,6.12
4hzw,8.88
4hzz,8.08
4i0d,6.21
4i0f,6.35
4i0r,7.85
4i0s,7.44
4i10,6.77
4i11,4.57
4i12,6.39
4i1c,8.1
4i1r,4.65
4i2w,3.92
4i2z,4.87
4i31,9.32
4i3z,4.29
4i47,6.92
4i4e,6.3
4i4f,6.19
4i5m,8.06
4i5p,6.42
4i60,5.73
4i67,6.35
4i6b,5.93
4i6f,8.3
4i6h,8.3
4i6q,7.52
4i71,7.74
4i72,9.05
4i73,6.72
4i74,6.72
4i7b,5.7
4i7c,8.22
4i7j,3.32
4i7l,3.99
4i7m,4.14
4i7p,3.5
4i8w,10.9
4i8x,2.64
4i8z,11.05
4i9c,5.51
4i9h,7.17
4i9r,6.95
4i9s,6.79
4i9u,3.86
4i9z,7.74
4ia0,7.11
4iax,9.56
4ibb,3.57
4ibc,2.98
4ibd,3.67
4ibe,4.15
4ibf,4.43
4ibg,3.97
4ibj,4.33
4ibk,4.3
4ibm,5.74
4ido,4.93
4idt,7.0
4idv,7.4
4idz,4.36
4ie0,5.08
4ie5,4.82
4ie6,5.55
4ie7,5.05
4ieh,7.85
4ifi,5.48
4igk,4.55
4igq,4.52
4igr,7.2
4igt,7.89
4ih5,4.11
4ih7,5.24
4iho,5.1
4ii9,6.03
4iic,4.85
4iid,5.62
4iif,5.18
4ijh,4.33
4ijp,7.8
4ijq,7.52
4ikn,4.85
4ikr,6.23
4iks,5.14
4ikt,6.17
4iku,5.75
4im0,7.72
4imq,5.82
4imz,6.92
4in9,4.97
4inb,6.05
4inr,5.59
4int,5.8
4inu,9.26
4io2,6.7
4io3,6.06
4io4,4.61
4io6,4.82
4io7,3.68
4ipf,7.74
4ipj,4.87
4ipn,3.39
4iqt,6.11
4ir5,6.21
4ir6,6.08
4irx,6.12
4isi,8.14
4isu,3.68
4iti,6.36
4itj,6.42
4itp,7.27
4iuo,3.64
4iur,5.58
4iuu,5.65
4iuv,5.72
4iva,7.16
4ivb,8.72
4ivc,10.0
4ivk,3.85
4ivs,7.36
4ivt,6.0
4iwz,7.29
4ixh,8.21
4iz0,4.0
4izm,6.66
4j06,5.34
4j08,6.66
4j09,4.77
4j0a,6.8
4j0p,7.29
4j0r,6.41
4j0t,6.74
4j0v,7.55
4j0y,6.36
4j17,7.27
4j1c,7.31
4j1e,7.72
4j1h,6.11
4j1i,7.4
4j1k,7.89
4j1p,7.05
4j21,7.41
4j22,7.74
4j24,7.3
4j28,5.7
4j2c,5.25
4j3d,8.28
4j3i,5.74
4j3j,7.51
4j3l,7.8
4j3m,7.68
4j3u,6.34
4j44,5.73
4j45,5.77
4j47,4.92
4j48,5.62
4j4n,6.88
4j4o,6.9
4j51,6.59
4j52,8.52
4j53,8.7
4j59,5.85
4j5b,6.22
4j5c,5.52
4j5d,5.96
4j5e,4.94
4j5p,7.92
4j6i,8.85
4j70,5.24
4j73,4.56
4j74,4.59
4j77,5.47
4j7d,4.7
4j7e,4.85
4j81,4.5
4j82,4.35
4j84,4.69
4j86,3.77
4j8b,4.79
4j8m,7.32
4j8r,7.7
4j8s,5.7
4j93,4.7
4jai,8.4
4jaj,5.26
4jal,4.6
4jaz,5.04
4jbo,7.62
4jbs,7.96
4jc1,4.3
4jck,2.37
4je7,6.4
4je8,5.21
4jfd,4.44
4jff,9.22
4jfi,4.74
4jfj,5.68
4jfk,6.44
4jfl,4.98
4jfs,5.27
4jft,5.46
4jfv,6.28
4jfw,6.34
4jfz,7.15
4jg1,6.63
4jg6,6.44
4jg7,6.92
4jg8,8.6
4jh0,9.03
4jhq,7.74
4jhz,6.02
4jia,9.22
4jik,7.74
4jit,6.64
4jiz,5.62
4jj7,6.4
4jj8,6.14
4jje,7.64
4jju,6.29
4jk5,7.55
4jk6,7.19
4jkt,7.09
4jkw,4.16
4jlg,8.7
4jlh,5.4
4jlj,6.13
4jln,7.78
4jls,5.66
4jmh,8.68
4jmu,5.47
4jmx,7.21
4jn2,11.68
4jn4,5.86
4jnc,8.52
4jne,5.86
4jnj,9.07
4jnm,8.52
4joa,7.54
4joe,3.56
4jof,4.17
4jog,3.72
4joh,3.35
4joj,3.96
4jok,4.07
4jp9,7.62
4jpc,7.03
4jps,8.3
4jpy,4.43
4jq7,6.41
4jq8,8.1
4jql,6.0
4jr0,8.2
4jr3,6.66
4jr5,8.15
4jrg,6.71
4jrv,7.54
4jsc,7.13
4jsr,8.4
4jss,3.3
4jsz,2.3
4jt8,7.48
4jt9,8.14
4ju3,7.07
4ju4,6.47
4ju6,6.17
4ju7,6.17
4jv6,6.66
4jv8,5.85
4jvb,7.41
4jve,7.07
4jvi,5.3
4jvj,7.66
4jwk,8.32
4jwr,6.21
4jx7,6.91
4jxw,4.72
4jyb,6.96
4jyc,6.7
4jym,5.04
4jyu,8.0
4jyv,7.77
4jz1,6.7
4jzb,6.47
4jzd,8.3
4jze,8.15
4jzi,7.4
4jzr,7.8
4k0o,3.0
4k0u,7.26
4k0y,7.82
4k18,8.96
4k19,8.36
4k1b,11.52
4k1e,8.44
4k3h,6.85
4k3k,2.35
4k3l,2.96
4k3m,3.55
4k3n,7.96
4k3p,5.8
4k3q,3.94
4k3r,3.59
4k42,6.55
4k43,6.88
4k4e,7.62
4k4f,6.7
4k4j,6.12
4k55,5.51
4k5l,4.96
4k5n,3.9
4k5o,3.98
4k5p,3.46
4k5y,8.17
4k60,3.24
4k63,4.22
4k66,3.26
4k67,3.43
4k6i,6.2
4k6t,4.1
4k6v,4.63
4k6w,5.35
4k6y,4.83
4k6z,8.7
4k75,4.25
4k76,5.35
4k77,6.63
4k78,4.79
4k7i,2.82
4k7n,3.48
4k7o,4.3
4k8a,4.02
4k8o,3.77
4k8s,7.44
4k9h,7.12
4k9y,6.95
4kab,4.03
4kai,7.3
4kb8,7.89
4kb9,11.0
4kba,8.22
4kbc,7.85
4kbk,8.18
4kby,6.73
4kc1,2.91
4kc2,3.31
4kcg,8.3
4kcx,4.43
4ke0,7.77
4ke1,8.6
4keq,3.82
4kfp,8.0
4kfq,8.23
4kif,4.84
4kij,4.3
4kil,6.3
4kio,6.3
4kip,8.15
4kiq,7.64
4kiu,3.85
4kiw,5.12
4kjv,7.74
4kln,7.7
4klv,3.78
4km2,5.84
4kmd,5.41
4kmu,7.92
4kmz,8.57
4kn0,7.4
4kn1,6.84
4kn4,7.24
4kn7,7.62
4knb,7.33
4kni,7.78
4knj,7.95
4knm,8.0
4knn,7.78
4knx,5.49
4ko8,7.15
4kon,6.48
4kow,4.31
4kox,4.77
4kp0,8.65
4kp4,5.17
4kp6,9.09
4kp8,5.48
4kpx,7.3
4kql,8.77
4kqo,6.78
4kqp,6.05
4kqq,3.9
4kqr,3.9
4krs,6.52
4ks1,8.82
4ks2,9.34
4ks3,6.37
4ks4,7.14
4ks5,6.89
4ksp,8.8
4ksq,7.31
4ktc,9.0
4ktu,6.16
4kv9,3.84
4kva,3.94
4kvm,5.05
4kw6,3.43
4kwf,4.82
4kwg,6.0
4kwo,6.45
4kwp,7.49
4kww,5.55
4kx8,7.13
4kxb,4.12
4kxl,6.22
4kxm,5.59
4kxn,6.1
4kyh,5.92
4kz0,5.38
4kz3,2.77
4kz4,4.15
4kz5,2.0
4kz7,2.49
4kz8,2.8
4kza,3.7
4kzb,2.89
4kzc,8.09
4kzl,6.15
4kzq,6.1
4kzu,6.5
4l0b,7.17
4l0i,6.57
4l0l,7.27
4l0s,6.84
4l0v,6.63
4l10,7.15
4l19,6.1
4l1a,8.27
4l23,7.75
4l2f,6.23
4l2g,6.68
4l2k,6.44
4l2l,5.7
4l31,6.79
4l32,6.84
4l33,8.15
4l34,6.94
4l3o,6.0
4l3p,5.92
4l4m,8.0
4l4v,5.78
4l4z,5.68
4l50,6.06
4l51,3.0
4l53,7.55
4l58,4.68
4l5j,3.0
4l6q,6.27
4l6s,8.52
4l6t,7.49
4l70,5.66
4l7b,5.64
4l7c,5.13
4l7g,4.0
4l7l,6.0
4l7o,4.88
4l7r,5.02
4l8m,9.0
4l9i,4.89
4la7,6.57
4lar,4.68
4lbl,4.96
4lbo,5.77
4lbp,4.94
4lc7,4.93
4lch,10.62
4led,2.3
4len,7.4
4leq,6.54
4lge,8.46
4lgg,8.52
4lgh,8.7
4lgu,8.68
4lh2,1.24
4lh5,6.7
4lh6,4.11
4lh7,4.47
4li0,6.59
4li6,6.97
4li8,8.12
4lj3,9.0
4ljh,4.71
4lk7,5.04
4lke,5.37
4lkf,5.37
4lkg,6.8
4lkj,6.7
4lkk,5.92
4lkl,6.09
4lkm,6.34
4lko,8.22
4lkq,3.35
4lkt,5.9
4ll3,11.57
4llj,3.42
4llk,3.0
4llp,4.8
4llx,2.89
4lm0,3.25
4lm2,3.03
4lm3,2.92
4lmn,10.3
4lmu,7.26
4ln2,3.61
4ln7,7.39
4lnb,6.56
4lng,5.62
4lnp,3.67
4lnw,7.04
4loi,6.77
4loj,6.52
4loo,8.15
4lop,8.15
4lov,7.77
4loy,8.09
4lp6,8.27
4lp9,6.21
4lpb,8.0
4lpg,4.25
4lph,5.04
4lps,5.74
4lq9,4.85
4lqg,8.89
4lqy,3.89
4lsj,9.57
4lte,7.22
4luo,3.24
4luv,2.85
4luz,4.7
4lv1,7.4
4lv3,5.49
4lv4,5.0
4lvt,10.36
4lw1,3.15
4lwc,6.72
4lwe,7.15
4lwh,7.57
4lwi,7.64
4lwt,5.41
4lwu,8.3
4lwv,8.22
4lxb,8.15
4lxd,7.23
4lxk,8.4
4lxz,6.74
4ly1,7.26
4ly9,8.15
4lyn,7.22
4lys,4.34
4lzs,4.8
4m0e,6.22
4m0f,8.77
4m0r,5.21
4m0y,6.46
4m0z,5.19
4m14,6.7
4m1d,7.64
4m2r,8.49
4m2v,7.44
4m2w,7.28
4m3d,5.41
4m3e,6.25
4m3f,5.31
4m3g,6.26
4m3m,9.05
4m3p,5.4
4m3q,7.77
4m48,6.81
4m4q,7.96
4m5g,5.01
4m5h,4.54
4m5j,4.84
4m5k,5.23
4m5l,4.72
4m5m,4.74
4m5o,6.42
4m5r,3.0
4m6p,7.27
4m6q,8.21
4m6u,2.74
4m7b,6.7
4m7c,6.12
4m7j,6.11
4m7x,4.8
4m7y,5.32
4m84,7.31
4m8e,7.89
4m8h,7.6
4m8y,9.96
4man,11.0
4mao,7.33
4mb9,8.0
4mbc,6.4
4mbf,5.77
4mbi,8.15
4mbj,7.21
4mbl,8.54
4mbp,5.64
4mc1,7.85
4mc2,8.19
4mc6,9.59
4mcb,5.82
4mcc,6.25
4mcv,8.89
4md6,7.77
4mdr,4.39
4mdt,5.0
4men,3.9
4meo,3.6
4mep,5.33
4meq,3.6
4mex,6.7
4mf0,8.08
4mfe,2.27
4mg5,5.34
4mg6,5.62
4mg7,6.36
4mg9,5.68
4mga,5.86
4mgc,6.32
4mgd,4.69
4mgv,7.12
4mh7,5.23
4mha,8.28
4mho,5.08
4mhs,5.29
4mhz,6.87
4mi6,4.31
4mi9,3.42
4mib,9.7
4mic,5.3
4mji,4.09
4mjo,6.22
4mjq,3.71
4mjr,3.55
4mk0,5.2
4mk1,4.8
4mk5,6.35
4mk7,6.36
4mk8,9.0
4mk9,8.05
4mka,9.0
4mlx,3.19
4mm4,6.37
4mm5,7.74
4mm6,6.69
4mm7,3.63
4mm8,6.11
4mm9,5.68
4mma,6.04
4mmf,6.53
4mmm,3.82
4mmp,7.71
4mn3,5.75
4mnp,7.34
4mnq,4.43
4mnv,4.94
4mnw,5.76
4mnx,4.75
4mny,5.71
4mo4,4.22
4mo8,8.0
4mot,7.3
4mp2,5.45
4mp7,5.74
4mpc,6.15
4mpn,6.62
4mq1,7.92
4mqu,8.4
4mr4,5.94
4mr5,6.6
4mr6,6.6
4mra,4.47
4mrd,3.37
4mre,2.19
4mrf,1.95
4mrg,2.96
4mrh,1.9
4mro,7.06
4mrz,3.52
4ms0,3.39
4msc,5.96
4mse,6.16
4msg,10.0
4msk,7.2
4msl,6.15
4msn,4.03
4mss,6.4
4msu,5.85
4mt9,10.0
4mti,8.92
4mu7,8.85
4muf,6.34
4muk,6.6
4mul,6.21
4muv,5.76
4muw,8.01
4mvh,8.35
4mvn,5.46
4mvw,7.55
4mvy,7.54
4mw0,7.41
4mw1,7.72
4mw2,6.7
4mw5,7.35
4mw6,5.78
4mw9,7.02
4mwc,5.87
4mwe,5.91
4mwq,9.1
4mwr,9.39
4mwu,8.49
4mwv,9.4
4mww,3.67
4mwx,7.12
4mwy,7.05
4mx0,6.73
4mx1,3.68
4mx5,4.55
4mx9,8.59
4mxa,8.92
4myd,4.55
4myh,4.64
4myq,7.49
4mz4,7.89
4mz5,6.1
4mz6,5.02
4mzf,7.35
4mzh,7.18
4mzj,5.8
4mzk,5.31
4mzl,5.62
4mzs,7.92
4n00,8.02
4n07,6.46
4n1b,5.96
4n1t,9.1
4n1u,8.3
4n1z,9.14
4n3r,6.82
4n4s,6.88
4n4t,7.31
4n5g,5.0
4n5t,8.15
4n6g,5.47
4n6h,9.28
4n6y,7.04
4n6z,7.8
4n7e,6.48
4n7g,5.66
4n7j,5.47
4n7m,5.47
4n7u,6.29
4n8d,4.92
4n8e,7.7
4n8q,3.42
4n8r,5.0
4n98,3.55
4n9a,4.19
4n9b,5.28
4n9c,3.9
4n9d,7.72
4n9e,7.82
4na4,6.92
4na7,9.7
4na8,8.82
4na9,7.39
4nah,6.31
4nak,5.85
4nal,5.66
4nat,6.48
4nb3,7.66
4nb6,7.22
4nbk,3.87
4nbl,6.33
4nbn,4.36
4ncg,7.96
4ncn,5.67
4nct,7.55
4ndu,2.74
4ng9,7.12
4ngh,7.52
4ngm,10.35
4ngr,7.55
4nh7,8.4
4nh8,8.52
4nh9,6.43
4nhx,5.72
4nhy,5.64
4nie,7.7
4nj3,6.52
4nj9,6.97
4nja,6.22
4nk3,6.33
4nk9,8.51
4nka,6.51
4nks,7.17
4nkt,5.97
4nku,4.67
4nld,7.7
4nmo,4.83
4nmp,4.04
4nmq,4.49
4nmr,3.53
4nms,4.94
4nmt,4.85
4nmv,4.95
4nmx,6.18
4nni,5.5
4nnn,6.57
4nnr,7.26
4nnw,6.61
4no6,6.11
4no8,7.15
4no9,7.82
4non,5.24
4np2,2.26
4np3,3.3
4np9,5.03
4npv,7.46
4nq6,4.28
4nra,4.19
4nrb,4.42
4nrc,3.62
4nrl,8.62
4nro,5.02
4nrt,6.0
4nuc,6.04
4nud,7.07
4nue,6.82
4nus,8.3
4nvp,7.57
4nvq,8.48
4nw5,7.7
4nw6,8.4
4nwc,5.76
4nwd,5.4
4nwm,8.1
4nxq,4.74
4nxr,4.34
4nxs,7.37
4nxu,5.54
4nxv,5.42
4ny3,4.31
4nyf,7.31
4nyi,3.06
4nym,3.55
4nyt,2.39
4nzb,4.17
4nzm,6.85
4nzn,6.38
4nzo,6.77
4o04,6.16
4o07,7.38
4o0a,6.72
4o0b,8.3
4o0r,7.44
4o0t,5.54
4o0v,8.48
4o0x,7.17
4o0y,7.22
4o0z,7.24
4o10,7.11
4o12,8.7
4o13,7.82
4o15,8.7
4o1b,6.41
4o1d,7.62
4o1l,6.7
4o24,4.3
4o28,7.54
4o2b,5.74
4o2c,8.0
4o2e,8.0
4o2p,6.7
4o36,6.36
4o37,6.16
4o3a,2.59
4o3c,2.59
4o3f,5.56
4o3t,4.37
4o44,7.85
4o4g,8.05
4o4r,6.06
4o4y,7.81
4o55,5.3
4o5g,4.3
4o62,5.0
4o6w,8.52
4o70,4.72
4o72,6.0
4o74,7.6
4o75,4.68
4o77,5.6
4o78,5.34
4o7a,4.72
4o7c,5.0
4o7d,3.0
4o7e,5.24
4o7f,4.89
4o91,6.83
4o97,8.52
4o9v,8.0
4o9w,7.16
4oak,4.22
4oar,10.42
4ob0,5.3
4ob1,6.3
4ob2,6.3
4obp,7.77
4obv,0.75
4obz,5.72
4oc0,6.5
4oc1,6.6
4oc2,8.28
4oc4,6.98
4oc6,7.07
4occ,8.7
4ock,5.08
4ocp,6.1
4ocq,4.61
4oct,5.05
4ocv,5.08
4ocx,11.44
4ocz,9.18
4od0,9.04
4od7,5.08
4od9,7.24
4ode,10.0
4odf,10.0
4odk,3.8
4odl,6.95
4odm,6.07
4odn,6.74
4oee,5.76
4oef,4.76
4oeg,5.05
4oel,7.0
4oem,5.3
4oeu,7.66
4ofb,5.43
4ofl,7.66
4og3,6.55
4og4,6.02
4og6,6.71
4og7,6.94
4og8,7.25
4ogi,7.43
4ogn,10.0
4ogt,10.0
4ogv,8.05
4ohk,8.3
4ohm,7.55
4oho,7.77
4ojq,3.3
4ojr,7.42
4ok3,4.15
4ok5,4.51
4ok6,4.85
4okp,2.7
4olc,6.19
4olh,8.3
4oma,4.17
4omc,10.78
4omd,9.01
4omj,5.26
4omk,4.4
4onf,8.92
4ono,5.19
4oo9,9.07
4ool,6.85
4oon,7.52
4oow,5.37
4op1,6.89
4op2,5.93
4op3,8.15
4oq3,8.1
4oq5,6.3
4oq6,5.48
4or0,7.46
4or4,4.57
4or6,5.31
4oru,3.68
4orx,3.53
4os2,6.7
4os4,4.87
4os5,4.63
4os6,6.44
4osf,5.44
4ot6,5.92
4otf,8.22
4otg,7.59
4oth,8.05
4oti,7.37
4ou3,4.41
4ouj,2.86
4ov5,7.43
4ovf,4.13
4ovh,4.85
4ovz,6.31
4ow0,6.82
4own,4.22
4owo,4.47
4owv,4.35
4oya,6.44
4oyb,5.8
4oyi,4.72
4oyk,6.74
4oym,4.96
4oyt,2.81
4oz1,5.62
4ozj,5.4
4ozl,4.97
4ozn,5.4
4ozo,3.83
4p00,6.4
4p02,6.4
4p0v,5.92
4p0w,5.96
4p0x,5.92
4p10,8.1
4p2t,5.43
4p3h,6.0
4p44,7.8
4p45,7.8
4p4b,7.85
4p4e,6.74
4p4f,6.77
4p4i,7.46
4p4j,6.15
4p4s,4.94
4p4t,4.39
4p58,4.6
4p5d,5.82
4p5e,5.55
4p5z,7.41
4p6c,4.0
4p6e,5.89
4p6g,8.11
4p6w,9.15
4p6x,7.04
4p72,4.09
4p73,7.66
4p74,5.0
4p75,4.1
4p7m,7.41
4p7s,7.42
4p90,7.19
4pax,6.4
4pb1,2.82
4pb2,4.8
4pcs,7.85
4pct,7.15
4pd5,2.86
4pd6,4.44
4pd7,3.92
4pd8,6.03
4pd9,3.33
4pf3,7.29
4pf5,5.48
4pft,8.64
4pfu,6.17
4pg9,7.8
4pgb,7.48
4pgc,5.88
4pgd,6.92
4phu,7.92
4phv,9.17
4phw,10.0
4pid,4.62
4pin,5.4
4pio,5.7
4piq,7.1
4pis,7.22
4pjt,9.24
4pks,4.82
4pku,4.52
4pkv,5.25
4pkw,4.65
4pl0,4.4
4pl3,6.54
4pl4,5.27
4pm0,7.35
4pmm,7.57
4pms,8.1
4pmt,6.0
4pnl,5.52
4pnr,6.34
4pnt,5.82
4pnu,4.89
4pnw,5.05
4po0,6.92
4poh,8.0
4poj,8.1
4pov,8.28
4pow,6.3
4pp0,4.4
4pp3,7.82
4pp5,7.74
4pp7,7.96
4ppa,9.1
4ppb,10.0
4ppc,9.03
4pqa,5.55
4pr5,5.66
4pra,5.66
4prb,3.88
4prd,4.6
4pre,3.74
4prg,7.15
4prh,4.6
4prj,7.14
4prn,5.66
4prp,5.66
4pry,7.7
4ps0,4.04
4ps1,6.66
4ps3,8.7
4ps5,6.54
4ps7,7.41
4ps8,9.0
4psh,8.89
4psq,6.36
4psx,6.47
4ptc,8.96
4pte,7.13
4ptg,8.23
4puj,7.46
4puk,7.28
4pum,6.73
4puz,8.11
4pv0,9.07
4pv5,6.54
4pvo,6.31
4pvt,6.52
4pvx,6.76
4pvy,6.71
4px6,8.4
4py1,7.19
4py2,6.57
4py4,5.77
4pyn,4.52
4pyo,4.52
4pyv,6.7
4pyy,7.23
4pz5,6.92
4pzh,8.0
4pzv,5.7
4pzw,6.96
4q06,7.66
4q07,8.14
4q09,8.17
4q0a,6.48
4q0l,7.7
4q15,7.96
4q19,8.05
4q1a,9.3
4q1b,8.72
4q1e,8.17
4q1f,8.04
4q1n,9.7
4q1s,4.17
4q1w,11.7
4q1x,11.15
4q1y,10.35
4q2k,7.48
4q3t,6.48
4q3u,6.44
4q4e,6.72
4q4i,7.33
4q4o,7.46
4q4p,6.39
4q4r,6.43
4q6d,7.36
4q6f,5.6
4q6r,6.68
4q7p,4.32
4q7s,4.42
4q7v,3.59
4q81,3.02
4q83,4.19
4q87,4.85
4q8x,3.57
4q8y,2.64
4q90,2.15
4q93,4.65
4q99,6.28
4q9m,7.18
4q9s,3.81
4q9y,5.68
4qaa,6.44
4qab,9.7
4qac,9.4
4qbb,7.52
4qbm,4.58
4qc1,4.99
4qd6,8.64
4qdk,5.85
4qem,7.8
4qer,7.54
4qf9,4.43
4qfg,5.48
4qfl,5.11
4qfn,4.12
4qfo,4.27
4qfr,8.13
4qfs,6.05
4qga,7.92
4qge,9.3
4qgf,7.16
4qgg,9.0
4qh7,5.94
4qhc,6.7
4qhp,8.05
4qht,4.94
4qij,5.54
4qip,5.15
4qir,6.95
4qiy,7.3
4qj0,7.32
4qjm,8.17
4qjo,7.4
4qjp,8.6
4qjr,7.1
4qjw,7.8
4qk4,6.6
4qkd,4.09
4qkx,7.07
4ql1,7.03
4ql8,9.15
4qlk,3.24
4qlq,8.18
4qlt,8.6
4qlu,8.08
4qlv,7.85
4qme,6.52
4qmm,6.34
4qmo,7.72
4qmq,6.59
4qms,5.13
4qmt,8.0
4qmu,5.89
4qmv,7.64
4qmw,7.07
4qmx,4.96
4qmy,8.4
4qn9,4.41
4qna,4.64
4qnb,6.59
4qo4,8.3
4qo9,6.8
4qoc,9.92
4qp1,3.61
4qp2,3.03
4qp6,3.46
4qp7,5.23
4qp8,6.55
4qp9,7.15
4qpa,7.43
4qpd,7.82
4qpl,7.41
4qps,6.52
4qq4,5.74
4qqc,7.34
4qqi,5.52
4qr4,6.6
4qr5,7.22
4qrh,5.15
4qsk,5.1
4qsm,7.41
4qsv,2.0
4qsw,1.68
4qt0,6.29
4qt1,8.15
4qt2,6.32
4qta,6.7
4qtb,6.7
4qtc,6.4
4qtd,5.97
4qtl,6.92
4qtn,6.85
4quo,7.92
4qvm,6.35
4qvn,5.1
4qvp,6.05
4qvq,5.2
4qvv,5.15
4qvw,5.38
4qvy,5.09
4qw1,6.11
4qw4,6.95
4qw5,6.35
4qw6,5.85
4qw7,6.28
4qwg,5.97
4qwi,5.36
4qwj,5.77
4qwl,6.18
4qwr,5.93
4qws,6.5
4qwu,5.51
4qwx,6.27
4qxj,5.9
4qxo,5.51
4qxq,5.7
4qxr,6.0
4qxs,5.96
4qy3,6.82
4qy8,7.19
4qye,5.92
4qyg,8.39
4qyh,8.89
4qyo,8.22
4qyy,7.3
4qz0,5.46
4qz1,5.44
4qz3,5.51
4qz4,5.01
4qz5,5.26
4qz6,5.53
4qz7,5.65
4qzs,7.05
4qzw,5.15
4qzx,6.26
4r02,7.41
4r06,6.29
4r0a,4.26
4r0i,6.52
4r1e,7.28
4r1y,6.4
4r3b,6.25
4r3c,7.0
4r3s,8.22
4r3w,3.0
4r4c,5.54
4r4q,5.09
4r59,7.96
4r5a,8.7
4r5b,6.73
4r5g,5.22
4r5n,7.12
4r5t,6.1
4r5v,6.15
4r5x,5.26
4r5y,7.64
4r6e,7.78
4r6t,7.52
4r6v,7.45
4r6w,5.27
4r6x,5.27
4r74,8.1
4r75,7.24
4r76,7.85
4r7m,7.96
4r8y,6.19
4r91,6.37
4r92,7.41
4r93,7.8
4r95,7.85
4ra1,5.94
4ra5,8.4
4rab,7.4
4rac,7.52
4rak,7.85
4ran,7.15
4rao,6.0
4raq,6.72
4rce,8.7
4rcf,8.4
4rcg,5.03
4rcp,5.35
4rd0,6.62
4rd3,6.47
4rd6,6.28
4re2,4.98
4re9,4.92
4res,7.85
4ret,7.59
4rfc,8.24
4rfd,8.05
4rfm,10.05
4rfr,6.54
4rfy,7.0
4rfz,7.4
4rg0,7.3
4rh5,6.9
4rhu,6.16
4rhx,5.8
4rhy,5.95
4rio,9.0
4ris,6.05
4riu,7.3
4riv,7.0
4rj3,7.03
4rj4,7.8
4rj5,7.18
4rj6,7.12
4rj7,7.66
4rj8,7.77
4rlk,5.02
4rll,5.02
4rlp,8.14
4rlw,4.87
4rme,5.92
4rn0,6.59
4rn1,5.0
4rn2,5.82
4rn4,6.94
4rn6,5.1
4rpn,6.96
4rpo,7.64
4rpv,8.52
4rqi,4.91
4rqk,5.82
4rqv,5.05
4rr6,6.0
4rrf,3.62
4rrg,2.81
4rrn,7.32
4rro,7.59
4rrq,5.47
4rrv,7.4
4rs0,6.0
4rsc,6.63
4rsk,4.32
4rsp,5.44
4ruu,7.54
4rux,7.92
4ruy,7.89
4ruz,7.64
4rvk,7.87
4rvm,9.0
4rwj,8.7
4rwk,7.19
4rwl,8.1
4rww,5.85
4rx7,8.3
4rx8,7.46
4rx9,7.89
4rxa,5.74
4rxc,4.48
4rxh,5.91
4rxz,6.74
4ryc,7.1
4ryd,11.26
4ryg,8.1
4ryl,7.28
4rz1,7.4
4s1g,9.22
4s2i,9.0
4s3e,6.11
4sga,7.3
4tim,2.16
4tju,5.44
4tjw,6.02
4tjz,5.97
4tk0,5.55
4tk1,3.72
4tk2,3.72
4tk3,5.1
4tk4,5.1
4tk5,7.49
4tkb,5.59
4tkf,6.55
4tkg,6.85
4tkh,5.74
4tki,6.38
4tkj,6.04
4tkn,5.89
4tln,3.72
4tlr,8.52
4tmf,5.48
4tmn,10.17
4tmp,5.43
4tmr,7.22
4tn2,6.92
4tn4,6.33
4to8,1.24
4tpk,8.57
4tpm,8.62
4tpp,8.59
4tpt,7.04
4tpw,4.69
4tqn,6.11
4trc,4.52
4trw,4.14
4trz,5.03
4ts1,4.94
4tsx,4.99
4tsz,7.0
4tt2,4.66
4tte,3.69
4ttv,6.68
4tu4,3.76
4tun,5.41
4tvj,7.91
4tw6,4.21
4tw7,7.59
4tw8,5.58
4tw9,7.7
4twc,7.4
4twd,5.08
4twt,8.0
4tww,4.2
4tx6,5.59
4txc,6.62
4txe,5.62
4ty1,9.26
4ty7,9.52
4ty8,2.03
4tya,2.39
4tyb,1.7
4tyt,7.7
4tz2,3.46
4tz8,3.3
4tzn,6.52
4u01,8.46
4u03,5.77
4u0a,4.3
4u0b,4.3
4u0c,4.31
4u0d,4.31
4u0e,6.92
4u0g,5.29
4u0m,5.77
4u0n,5.77
4u0s,6.8
4u0u,5.82
4u0w,3.0
4u0x,6.23
4u1b,5.31
4u2w,6.0
4u2y,3.99
4u3f,8.39
4u43,4.32
4u44,8.1
4u45,8.0
4u4x,5.01
4u5j,5.53
4u5l,2.4
4u5n,2.48
4u5s,2.41
4u5t,6.7
4u5u,2.89
4u68,4.31
4u6r,7.85
4u6y,7.08
4u70,5.02
4u71,5.22
4u73,5.18
4u79,6.4
4u7o,3.35
4u7q,9.74
4u7t,5.67
4u7v,5.49
4u82,5.72
4u8w,11.24
4ua8,6.26
4uac,6.54
4ual,8.4
4uat,5.89
4uc5,5.48
4ucc,4.32
4ucd,4.0
4uce,3.17
4uco,7.0
4ucs,4.21
4uct,3.12
4ucu,3.35
4ucv,2.88
4ud7,8.13
4uda,7.59
4udb,9.15
4ue1,8.0
4ufd,9.68
4ufg,8.15
4ufh,6.42
4ufi,6.2
4ufj,4.28
4ufk,3.89
4ufl,2.64
4ufu,8.0
4ufy,8.15
4ufz,6.31
4uhg,6.27
4ui3,6.88
4ui4,7.35
4ui5,6.78
4ui6,7.06
4ui7,7.36
4ui8,7.6
4uib,9.0
4uil,7.24
4uit,6.7
4uiu,7.9
4uiv,7.8
4uiw,7.3
4uix,7.3
4uiz,4.7
4uj1,6.52
4uj2,7.1
4uj9,8.7
4uja,9.05
4ujb,8.0
4um1,5.77
4um3,7.54
4um9,8.07
4uma,5.41
4umc,3.44
4umj,5.57
4umn,7.2
4umq,5.38
4umt,6.14
4umu,6.19
4unn,6.38
4unp,3.23
4unq,6.62
4unr,8.7
4uns,6.7
4uof,4.84
4ura,5.5
4url,6.3
4urm,8.05
4urn,4.46
4uro,8.4
4uru,2.22
4urv,2.77
4urw,2.8
4urz,2.52
4us3,5.32
4us4,5.32
4usi,4.41
4usj,4.0
4utn,6.15
4utv,5.09
4utx,5.24
4uu5,5.04
4uu7,6.08
4uu8,6.54
4uua,5.24
4uub,4.76
4uuh,7.77
4uuq,7.54
4uv8,6.47
4uv9,6.01
4uvb,5.49
4uvc,6.88
4uvu,5.92
4uvv,7.49
4uvw,7.72
4uvx,7.96
4uvy,8.26
4uw1,7.72
4uwf,8.15
4uwh,8.52
4uwk,9.0
4uwl,8.57
4ux4,7.01
4ux9,5.1
4uxb,7.96
4uxj,5.42
4uxl,10.6
4uxq,7.8
4uy1,4.7
4uyd,4.1
4uye,8.02
4uyf,7.6
4uyg,7.6
4uyh,6.3
4uyn,8.4
4uzd,9.22
4v01,8.11
4v04,8.11
4v05,9.7
4v0i,6.33
4v11,6.49
4v24,8.37
4v25,7.08
4vgc,6.9
4w4v,6.94
4w4w,7.46
4w4x,6.99
4w4y,6.46
4w4z,7.52
4w50,5.85
4w52,3.76
4w54,4.17
4w55,4.74
4w57,4.85
4w5a,3.77
4w5j,7.24
4w7p,7.49
4w7t,6.05
4w97,7.1
4w9c,4.65
4w9d,4.99
4w9e,5.15
4w9f,5.49
4w9g,5.26
4w9h,6.73
4w9i,5.96
4w9n,4.26
4w9o,7.77
4w9p,7.8
4w9q,6.85
4w9s,6.82
4w9w,7.48
4w9x,7.4
4wa9,8.42
4waf,5.0
4wbg,5.55
4wbo,4.2
4wcf,4.28
4wcu,8.52
4wet,3.35
4wf2,8.1
4wf4,3.11
4wf6,6.3
4wgi,5.35
4wh9,3.0
4whh,7.4
4whl,6.4
4whq,4.12
4whr,4.12
4whs,4.12
4wht,8.1
4whz,9.0
4wi1,5.3
4wiv,6.26
4wj5,6.29
4wj7,4.89
4wk1,5.89
4wk2,6.94
4wk7,7.13
4wkb,11.57
4wkc,12.68
4wke,8.1
4wki,8.3
4wkn,9.72
4wko,9.47
4wkp,9.55
4wks,2.7
4wku,5.68
4wkv,6.79
4wlb,6.74
4wmu,6.74
4wmv,4.03
4wmx,4.85
4wmy,7.07
4wn0,3.22
4wn1,8.29
4wn5,7.41
4wnm,7.59
4wno,6.8
4wop,4.76
4wov,7.14
4wp7,6.1
4wpf,6.6
4wph,5.8
4wpn,6.68
4wq2,6.3
4wq3,7.0
4wr7,11.7
4wr8,6.23
4wrb,6.19
4wri,9.01
4wrs,9.4
4wsj,7.33
4wsk,6.43
4wsy,7.77
4wt2,10.42
4wt6,7.92
4wtu,9.52
4wvs,6.27
4wvu,5.71
4ww6,10.21
4ww8,10.17
4wwn,6.07
4wwo,7.42
4wwp,6.92
4wx4,9.22
4wx6,9.0
4wxi,8.08
4wy1,5.29
4wy3,3.62
4wy6,5.97
4wy7,6.78
4wym,4.0
4wyo,6.95
4wyy,6.0
4wz5,5.51
4wz6,5.6
4wz8,7.21
4x0f,7.0
4x0u,7.4
4x11,2.22
4x13,3.3
4x1p,4.2
4x1q,5.3
4x1r,6.4
4x21,7.44
4x24,9.78
4x2i,6.46
4x2l,4.44
4x2s,6.55
4x34,6.12
4x3h,4.23
4x3i,3.17
4x3k,4.56
4x3r,11.07
4x3s,5.89
4x3t,4.54
4x47,2.85
4x48,6.77
4x50,7.75
4x5q,9.0
4x5r,7.85
4x5y,8.03
4x5z,7.63
4x60,9.0
4x61,9.0
4x63,6.77
4x6h,7.66
4x6i,8.0
4x6k,5.31
4x6m,8.24
4x6o,8.72
4x6p,8.3
4x6s,5.24
4x6x,8.64
4x6y,7.72
4x7i,7.69
4x7j,7.39
4x7n,8.22
4x7o,8.7
4x7q,7.85
4x8g,6.0
4x8n,6.62
4x8o,6.6
4x8p,5.48
4x8s,1.89
4x8t,2.05
4x8u,2.46
4x8v,6.89
4x9r,7.82
4x9v,7.85
4xaq,7.14
4xas,6.59
4xbo,4.59
4xcb,5.47
4xct,8.17
4xcu,8.22
4xe0,7.72
4xe1,7.11
4xg3,7.76
4xg4,7.67
4xg6,8.01
4xg8,8.72
4xg9,9.15
4xgz,7.62
4xh2,8.22
4xhe,10.3
4xhk,8.3
4xhl,4.43
4xhv,4.3
4xip,6.63
4xiq,7.07
4xir,6.94
4xjr,5.32
4xk9,9.07
4xkb,6.1
4xkc,5.87
4xkx,9.05
4xm6,4.05
4xm8,3.02
4xmo,8.7
4xmr,4.07
4xnv,6.79
4xnw,7.74
4xo8,8.96
4xoc,8.52
4xpj,5.09
4xqu,6.07
4xrq,6.63
4xs2,5.82
4xsx,5.0
4xsy,5.3
4xsz,5.6
4xt2,7.15
4xt9,6.8
4xtp,4.26
4xtt,7.37
4xtv,9.27
4xtx,10.57
4xty,9.21
4xtz,9.82
4xu0,9.11
4xu1,9.49
4xu3,9.5
4xua,4.59
4xuh,5.73
4xum,4.67
4xuz,7.36
4xv1,8.38
4xv2,8.27
4xv9,6.72
4xwk,4.63
4xx4,7.36
4xx9,5.08
4xxh,5.0
4xxs,7.28
4xy2,8.1
4xy8,6.4
4xy9,5.33
4xya,5.86
4xyc,7.51
4xyf,9.0
4xyn,5.89
4y24,6.66
4y29,6.25
4y2q,2.92
4y2t,3.82
4y2u,3.24
4y2v,4.04
4y2x,6.29
4y32,4.05
4y38,2.4
4y3b,4.87
4y3j,2.17
4y3y,2.35
4y46,7.96
4y4j,2.47
4y4v,3.65
4y59,5.24
4y5d,5.92
4y5h,7.82
4y5i,3.52
4y5s,3.73
4y63,3.58
4y64,3.1
4y67,6.93
4y6m,7.15
4y6p,7.16
4y6r,5.48
4y6s,5.03
4y79,7.96
4y7r,5.03
4y83,7.77
4y85,7.89
4y8d,8.05
4y8x,8.43
4y8y,9.15
4y8z,10.4
4ya8,6.1
4yab,5.07
4yad,5.6
4yat,5.03
4yax,5.82
4yay,8.54
4yb5,4.71
4yb6,5.32
4yb7,3.8
4ybi,6.6
4ybj,9.28
4ybk,7.82
4ybm,6.85
4ybt,7.0
4yc0,4.13
4yc8,7.85
4yc9,8.89
4ycl,8.15
4ycn,7.77
4ycu,5.48
4ycv,5.82
4ycw,5.68
4ydf,5.1
4ydq,6.52
4ye3,8.37
4yec,7.6
4yee,6.49
4yef,5.35
4yes,8.02
4yff,8.0
4yfi,6.3
4ygf,7.68
4yh3,4.59
4yh4,4.59
4yha,6.65
4yhm,9.76
4yho,10.74
4yhp,8.7
4yhq,8.77
4yhz,7.96
4yje,4.84
4yjl,5.96
4yk0,3.74
4yk5,7.64
4yk6,5.7
4ykj,4.43
4ykk,2.77
4ykn,8.0
4yl1,6.67
4yl3,8.15
4ylj,8.22
4yll,6.92
4ym2,2.85
4ym4,4.47
4ymb,6.21
4ymg,4.68
4ymh,6.46
4ymj,7.0
4yml,8.35
4ymq,5.8
4ymx,7.1
4ynb,10.37
4ynd,8.55
4yne,8.52
4ynk,8.3
4ynl,4.62
4yo6,5.66
4yo8,10.52
4yog,5.74
4yoi,6.48
4yoj,6.39
4yp1,5.04
4yp8,7.89
4yps,7.12
4yqu,6.66
4yqv,5.71
4yrs,3.07
4yrt,2.78
4ys7,9.0
4ysi,5.7
4ysl,5.8
4yt6,7.96
4yt7,8.77
4ytf,8.15
4yth,8.7
4yti,7.89
4yur,9.8
4yux,3.74
4yuy,3.34
4yuz,5.04
4yv0,3.28
4yv1,3.08
4yv2,7.29
4yv5,6.22
4yv8,7.96
4yve,7.0
4yvz,5.52
4yw2,2.8
4yw6,7.08
4yw7,6.89
4ywa,7.55
4yx9,5.35
4yxd,4.34
4yxi,6.5
4yxo,7.04
4yxu,7.24
4yy6,4.22
4yyi,4.19
4yyl,5.01
4yym,3.62
4yyn,3.96
4yyt,6.38
4yz5,2.83
4yz9,7.7
4yzc,8.52
4yzn,4.81
4yzu,5.05
4z07,7.99
4z0d,5.3
4z0e,5.3
4z0f,5.77
4z0k,6.34
4z0q,8.17
4z16,8.32
4z1e,8.24
4z1j,8.11
4z1k,8.33
4z1n,8.23
4z1q,7.82
4z1s,6.1
4z2b,7.76
4z2g,6.66
4z2h,5.08
4z2i,7.44
4z2j,6.43
4z2k,5.78
4z2l,5.85
4z2o,4.51
4z2p,4.6
4z3v,8.4
4z46,2.82
4z5w,5.81
4z68,6.49
4z6h,6.21
4z6i,6.31
4z7h,6.66
4z7n,5.04
4z7o,5.04
4z83,7.4
4z84,5.82
4z88,5.39
4z89,4.69
4z8a,4.76
4z8d,5.22
4z93,7.35
4z9l,8.8
4za0,7.21
4zae,8.44
4zam,7.96
4zb6,6.28
4zb8,6.03
4zba,5.51
4zbf,7.13
4zcs,4.33
4zcw,7.37
4zdu,5.77
4ze6,2.48
4zeb,6.52
4zec,5.82
4zed,5.12
4zei,5.88
4zek,5.66
4zfi,6.3
4zg6,6.33
4zg7,8.7
4zg9,7.59
4zga,7.7
4zgk,5.51
4zh2,5.0
4zh3,4.4
4zh4,4.22
4zhl,6.47
4zhm,8.05
4zij,3.25
4zim,8.62
4zip,9.68
4zj8,9.26
4zji,6.47
4zjj,8.0
4zjr,7.54
4zjw,6.66
4zk5,8.43
4zki,2.92
4zl4,7.86
4zla,7.3
4zlo,4.92
4zlz,7.0
4zme,4.3
4zmf,3.96
4znx,6.62
4zo5,9.82
4zom,8.52
4zow,4.12
4zpe,6.35
4zpf,6.74
4zpg,7.26
4zph,7.51
4zs0,5.64
4zs9,4.57
4zsa,7.82
4zsh,7.05
4zsj,5.64
4zsm,2.4
4zsq,5.65
4zsr,4.44
4zt2,8.0
4zt3,8.0
4zt4,8.0
4zt5,8.0
4zt6,8.0
4zt7,8.0
4zt8,4.39
4ztm,7.6
4ztn,7.72
4ztq,6.32
4zts,7.6
4zud,8.16
4zum,6.57
4zun,4.59
4zup,6.77
4zuq,6.89
4zur,7.17
4zv1,5.24
4zvi,6.33
4zw3,7.57
4zw7,4.72
4zw8,5.96
4zwx,8.7
4zx0,8.0
4zx1,6.14
4zx3,7.19
4zx5,6.19
4zx6,5.27
4zx8,7.1
4zx9,7.39
4zxx,8.1
4zxy,6.4
4zy0,8.04
4zy1,8.14
4zy2,7.22
4zy4,7.66
4zy5,7.59
4zyi,8.1
4zyq,8.01
4zyt,7.77
4zyv,7.66
4zyw,7.17
4zyx,8.15
4zyy,8.05
4zyz,7.17
4zz0,7.0
4zz1,7.89
4zz2,8.04
4zz3,6.0
4zzd,6.6
4zzx,6.9
4zzy,5.6
4zzz,7.06
5a00,7.52
5a09,8.46
5a0b,8.3
5a0c,9.27
5a0e,6.53
5a14,7.3
5a1f,4.61
5a2k,6.35
5a2s,7.7
5a3h,4.57
5a3n,7.72
5a3o,4.73
5a3t,8.4
5a3u,8.32
5a3w,5.82
5a3x,6.1
5a4c,8.24
5a4e,6.4
5a4l,5.41
5a4q,5.54
5a4t,5.89
5a54,6.15
5a5d,8.0
5a5r,5.9
5a5s,5.9
5a5v,7.48
5a69,8.96
5a6a,7.22
5a6i,7.25
5a6n,4.28
5a6x,6.69
5a7b,3.57
5a7c,3.74
5a7i,5.26
5a7j,5.2
5a7y,4.48
5a81,5.54
5a82,5.6
5a83,6.8
5a85,5.3
5a8x,8.19
5a8y,9.77
5a8z,7.55
5aa8,8.07
5aa9,8.19
5aab,9.06
5aac,8.89
5aad,6.67
5aae,7.46
5aaf,7.44
5aag,7.34
5ab0,7.59
5aba,2.98
5abg,8.05
5abh,8.77
5abp,6.64
5abw,7.77
5acb,6.8
5acx,5.05
5acy,8.19
5adq,5.7
5adr,5.64
5ads,5.67
5aei,8.96
5ael,7.41
5aen,7.22
5aes,2.89
5afj,4.38
5afk,3.88
5afm,4.15
5afn,4.47
5afv,5.59
5agu,10.0
5agv,9.7
5ah2,10.08
5ahj,8.23
5ahu,6.78
5ahw,5.17
5ai0,3.69
5ai4,3.47
5ai5,7.03
5ai6,4.4
5ai8,3.9
5ai9,6.61
5aia,5.2
5aib,3.8
5aic,4.3
5ais,6.24
5aiv,6.19
5aix,7.92
5ajc,4.24
5ajo,4.96
5ajv,6.24
5ajw,6.98
5ajx,7.96
5ajy,6.3
5ajz,5.7
5ak0,7.68
5ak3,5.07
5ak4,4.23
5ak5,7.07
5ak6,3.49
5ake,7.82
5akg,4.46
5akh,6.59
5aki,6.12
5akk,4.0
5akl,7.07
5akw,6.39
5akz,5.26
5al1,4.28
5al3,4.96
5al4,6.52
5al5,7.15
5alb,10.71
5alc,8.13
5ald,5.97
5alf,6.69
5alh,7.07
5alj,5.56
5alk,6.6
5all,5.57
5alm,6.53
5aln,6.57
5alo,6.13
5alp,7.07
5alr,7.07
5als,7.72
5alt,4.88
5alu,7.66
5alv,4.36
5aly,6.73
5alz,8.22
5am0,5.88
5am1,8.52
5am2,5.01
5am4,6.95
5am5,5.74
5am6,6.73
5am7,7.19
5amd,8.55
5amg,8.22
5aml,9.15
5amn,8.35
5ans,5.69
5ant,6.36
5anv,9.3
5aoi,3.03
5aoj,4.68
5aol,2.32
5aom,2.9
5ap2,8.48
5ap3,7.03
5ap4,6.46
5ap6,7.88
5ap7,6.29
5aph,7.22
5apj,7.4
5aqg,4.51
5aqh,2.46
5aqj,2.68
5aqk,3.65
5aqn,2.77
5aqo,2.85
5aqp,2.68
5aqq,3.1
5aqr,3.0
5aqu,2.98
5aqv,3.43
5ar0,6.14
5ar4,6.7
5ar7,6.49
5ar8,8.1
5arf,6.27
5arg,7.57
5auu,4.68
5auv,4.51
5auw,5.05
5aux,5.0
5auy,5.8
5auz,4.01
5av0,3.55
5ave,5.44
5avf,5.49
5avi,6.06
5awj,9.68
5awt,4.52
5awu,4.65
5ax9,8.1
5axi,3.92
5axp,9.03
5axq,10.1
5ayf,4.82
5ayy,5.32
5azf,4.44
5b0x,7.7
5b1s,3.91
5b25,10.24
5b2d,4.25
5b4k,9.34
5b4l,9.12
5b4w,8.46
5b56,4.54
5b5b,9.37
5b5f,5.25
5b5g,5.25
5b5p,9.7
5b6c,3.66
5b6g,7.44
5bjt,6.3
5bmm,8.4
5bnj,8.7
5bnm,4.82
5bnr,6.28
5bns,7.02
5boj,7.0
5bot,4.41
5bpa,9.0
5bpe,5.95
5bpp,4.8
5bq0,7.82
5bqg,4.76
5bqh,8.52
5bqi,9.05
5bqs,5.64
5brn,6.3
5bry,11.82
5bs4,11.0
5bsk,6.22
5btr,5.14
5btx,3.55
5bue,8.52
5bui,7.05
5buj,8.3
5bv3,7.17
5bvd,9.8
5bve,11.0
5bvf,9.72
5bvn,8.82
5bw4,4.17
5bwb,5.3
5bwc,7.21
5byi,7.51
5byy,7.01
5byz,7.38
5c0k,2.92
5c0m,5.85
5c11,6.47
5c13,6.1
5c1m,10.8
5c1x,5.75
5c1y,5.9
5c20,6.41
5c26,6.77
5c2a,8.32
5c2e,8.7
5c2h,11.09
5c2o,4.55
5c3k,3.96
5c3p,4.46
5c42,8.72
5c4k,4.56
5c4l,5.64
5c4o,8.21
5c4s,8.42
5c4t,7.66
5c4u,8.72
5c5h,6.4
5c5t,3.13
5c7b,3.0
5c7c,5.26
5c7d,5.11
5c7e,5.0
5c7f,3.98
5c7n,6.57
5c83,6.8
5c84,6.19
5c85,3.98
5c8k,7.7
5c8n,7.55
5c91,3.61
5can,6.91
5cao,7.42
5cap,7.28
5caq,8.57
5cas,8.85
5cau,8.8
5cav,6.67
5cbm,7.77
5cbr,5.74
5cbs,5.41
5cc2,4.1
5ccm,8.4
5cdh,5.37
5ceh,8.0
5cei,8.28
5ceo,9.3
5cf8,8.96
5cfb,7.28
5cgj,5.22
5cgv,6.47
5chk,5.39
5ci7,6.92
5cil,7.39
5cin,7.74
5cj6,8.69
5cjf,9.59
5ckr,7.76
5cks,5.51
5clm,7.36
5cls,6.66
5cnj,6.84
5cp5,5.91
5cp9,3.51
5cpr,7.56
5cqj,4.81
5cqt,6.91
5cqx,5.33
5cr7,3.1
5cs2,8.4
5cs3,2.15
5cs5,1.58
5csd,7.89
5csh,3.57
5cso,6.03
5csp,4.24
5csw,8.4
5csz,7.77
5ct1,1.52
5ctb,7.64
5ctc,6.35
5cte,7.8
5cu2,4.24
5cu4,6.49
5cuh,4.62
5cuq,5.92
5cuu,4.37
5cwa,4.77
5cxa,8.05
5cxh,8.3
5cxz,6.26
5cy3,7.8
5cy9,6.66
5cyi,5.88
5cyv,4.96
5czb,8.0
5czm,8.32
5d0j,5.31
5d0r,6.37
5d10,7.14
5d11,7.55
5d12,7.37
5d1j,7.32
5d1n,5.57
5d1r,4.84
5d1s,5.02
5d1t,5.77
5d1u,5.96
5d1w,5.12
5d24,5.24
5d25,6.3
5d2r,5.82
5d3c,10.4
5d3h,5.1
5d3n,5.04
5d3p,5.13
5d3s,5.89
5d3t,4.92
5d3x,6.36
5d45,6.92
5d47,7.0
5d48,7.52
5d6f,4.37
5d6j,4.44
5d6p,5.6
5d6q,5.24
5d6y,5.66
5d75,6.7
5d7a,7.68
5d7c,6.85
5d7e,3.82
5d7r,7.89
5d7x,4.82
5d9l,7.62
5da3,7.1
5dah,5.3
5db0,7.43
5db1,7.66
5db2,7.6
5db3,7.92
5dbm,6.46
5dcz,9.3
5dd0,7.08
5ddb,7.09
5ddd,6.59
5dde,7.19
5ddf,6.17
5dex,7.65
5dey,8.43
5dgj,4.73
5dgu,11.35
5dgw,11.05
5dgz,7.85
5dh3,7.42
5dh5,9.64
5dhf,5.66
5dhh,9.18
5dhj,6.7
5dhq,5.7
5dhr,4.64
5dht,6.0
5di1,7.68
5dia,10.46
5dif,6.23
5diq,5.17
5dit,6.15
5diu,7.37
5div,6.85
5dj5,5.6
5djp,5.15
5djr,4.86
5dk4,8.7
5dkn,3.69
5dkr,5.22
5dlv,4.98
5dlx,5.7
5dnu,4.11
5doh,7.49
5dp4,4.2
5dp5,4.73
5dp6,4.83
5dp7,4.56
5dp8,6.36
5dp9,6.08
5dpa,4.65
5dpw,5.37
5dqc,7.34
5dqe,3.63
5dqf,3.6
5drc,5.98
5dri,7.7
5drq,10.92
5drt,5.36
5dry,7.7
5dsx,8.0
5dt2,6.82
5dtj,4.47
5dtk,4.3
5dtm,4.3
5dtq,3.86
5dtw,5.46
5du4,5.25
5du8,5.72
5duc,6.35
5duf,5.74
5dus,5.53
5duw,3.29
5dv2,2.9
5dv4,2.47
5dw1,7.1
5dw2,5.84
5dwr,11.22
5dxb,6.28
5dxe,6.41
5dxg,5.92
5dxh,9.0
5dxt,9.7
5dy5,6.79
5dyo,10.21
5dyt,7.6
5dyw,8.31
5e0a,6.59
5e0g,5.8
5e0h,5.62
5e0j,5.21
5e0l,6.4
5e0m,5.28
5e1b,4.84
5e1d,5.39
5e1e,7.66
5e1m,6.72
5e1o,5.43
5e1s,7.92
5e28,7.91
5e2k,8.03
5e2l,4.03
5e2m,7.23
5e2n,9.54
5e2o,8.7
5e2p,8.8
5e2q,5.79
5e2r,7.06
5e2s,9.01
5e2v,6.08
5e3a,5.44
5e3d,4.02
5e4w,4.64
5e5g,3.15
5e73,4.64
5e74,4.41
5e7n,6.09
5e7r,7.6
5e80,8.3
5e88,7.19
5e89,7.85
5e8a,7.47
5e8f,8.64
5e8r,8.7
5e8w,4.39
5e8z,5.91
5e90,7.85
5e91,8.4
5ea5,8.06
5ea6,7.41
5ea7,7.96
5eak,9.3
5eay,4.47
5eb3,1.45
5ecv,6.77
5edc,7.66
5edd,5.24
5edi,9.52
5edq,8.7
5eds,5.54
5edu,8.66
5ee7,9.21
5ee8,6.89
5eec,7.1
5eef,8.32
5eei,9.22
5eek,9.1
5eel,6.08
5een,8.96
5eeq,5.82
5ef7,9.0
5efa,4.83
5efb,8.37
5efc,4.85
5efh,6.1
5eg4,7.68
5egm,8.62
5egs,6.01
5egu,5.85
5eh0,7.74
5eh5,5.87
5eh7,3.48
5eh8,3.1
5ehg,3.43
5ehi,3.34
5ehn,11.64
5ehp,4.92
5ehq,10.48
5ehv,3.08
5ehw,3.0
5ehy,6.09
5ei2,7.34
5ei3,4.25
5ei6,7.0
5ei8,8.1
5eie,7.64
5eif,2.55
5eij,5.31
5eis,5.74
5ejl,6.62
5ejw,3.3
5ek0,7.68
5ek9,7.33
5ekh,5.95
5ekj,6.0
5ekm,6.32
5eko,4.8
5ekx,2.03
5el2,4.47
5el9,7.64
5elf,2.34
5elv,6.8
5elw,7.85
5elz,6.34
5em6,8.4
5em8,5.96
5em9,5.57
5ema,5.23
5emj,7.48
5emk,7.89
5eml,7.64
5emm,7.74
5en3,6.21
5ene,3.23
5enf,3.57
5eng,5.85
5enh,3.72
5enk,8.1
5enm,7.15
5eob,9.62
5eok,3.49
5eom,6.39
5eou,5.36
5ep7,5.4
5epn,8.66
5epr,4.04
5eps,4.42
5epy,7.4
5eq0,5.92
5eq1,4.68
5eqe,3.88
5eqq,8.17
5eqy,8.0
5er2,6.57
5er4,2.76
5er5,3.67
5erg,4.35
5esq,5.8
5est,6.52
5eta,5.8
5etb,4.54
5etf,3.79
5eth,7.25
5etj,10.18
5etl,4.64
5etm,5.41
5etn,5.37
5etp,6.15
5etr,6.52
5ets,5.91
5ett,6.23
5etu,3.89
5etv,6.24
5ety,7.51
5eu1,7.81
5eud,6.82
5eue,6.77
5ev8,5.22
5evd,5.0
5evk,4.92
5evz,6.57
5ew0,6.59
5ew3,8.92
5ew9,11.0
5ewj,6.89
5ewk,4.85
5ewy,4.3
5ewz,6.34
5exl,8.43
5exm,8.2
5exn,7.64
5exw,6.82
5ey0,2.65
5ey4,3.12
5ey8,6.31
5eyc,8.52
5eyd,9.0
5eyk,8.52
5eym,7.6
5eyr,5.3
5ez0,5.8
5ezg,4.92
5ezh,4.62
5ezx,7.06
5ezz,6.84
5f00,6.6
5f01,6.38
5f02,7.44
5f08,5.52
5f0f,6.0
5f0h,4.48
5f1c,6.13
5f1l,7.68
5f1r,6.0
5f1u,6.4
5f1v,6.85
5f1z,8.68
5f20,7.52
5f25,5.04
5f2f,6.92
5f2k,6.16
5f2r,4.28
5f2u,8.43
5f2w,3.98
5f32,4.94
5f37,5.77
5f3c,6.05
5f3e,6.86
5f3g,6.9
5f3z,4.54
5f41,4.17
5f4l,7.62
5f4n,8.66
5f4u,7.02
5f5b,3.95
5f5i,6.02
5f5z,7.07
5f60,7.37
5f61,7.46
5f62,8.17
5f63,7.92
5f6u,2.52
5f90,4.85
5f91,5.2
5f94,8.47
5f95,8.01
5f9b,4.26
5f9e,9.34
5fa7,8.4
5fah,6.15
5fao,7.96
5fap,8.0
5faq,5.28
5fas,7.47
5fb0,5.47
5fb1,5.92
5fbi,2.8
5fbn,9.57
5fbo,9.51
5fck,8.22
5fcz,4.2
5fd2,7.05
5fdc,7.46
5fdd,4.2
5fdg,6.37
5fdi,7.73
5fdo,6.44
5fdp,6.51
5fdr,9.44
5fdz,5.17
5fe6,2.16
5fe7,3.31
5fe9,4.68
5ff6,5.02
5fgk,8.77
5fh6,5.92
5fh7,6.86
5fh8,6.77
5fhm,5.09
5fho,6.67
5fi2,7.15
5fi6,7.52
5fi7,7.4
5fiv,7.66
5fjw,5.4
5fjx,4.96
5fkj,10.66
5fky,8.33
5fl0,6.46
5fl1,8.49
5fl4,7.0
5fl5,8.19
5flp,3.2
5flq,2.97
5fls,3.04
5fnc,4.11
5fnd,3.49
5fnf,3.15
5fni,3.48
5fnj,2.29
5fnr,4.23
5fns,5.4
5fnt,6.17
5fnu,8.89
5fog,3.67
5fos,5.74
5fou,3.95
5fov,2.8
5fow,4.03
5fox,3.17
5fp0,7.77
5fpi,4.14
5fpk,3.55
5fpu,6.26
5fq9,6.48
5fqp,7.72
5fqr,7.59
5fqs,7.36
5fqt,6.8
5fqv,6.21
5fs5,6.69
5fsc,2.36
5fsn,5.77
5fso,6.09
5fsx,2.72
5ftg,6.15
5fto,8.21
5fue,6.33
5ful,4.74
5fum,4.74
5fut,6.45
5fv7,6.74
5fwa,4.79
5fwj,7.89
5fwr,7.75
5fxr,7.42
5g0q,10.0
5g10,8.01
5g11,7.21
5g17,6.7
5g1a,6.57
5g1c,6.85
5g1n,7.77
5g1p,5.2
5g1z,5.32
5g2b,7.0
5g2g,6.05
5g2n,7.03
5g3m,5.66
5g3n,7.92
5g3w,7.38
5g43,3.7
5g46,2.6
5g4m,3.86
5g4n,4.0
5g4o,4.43
5g53,6.37
5g57,8.4
5g5f,5.28
5g5v,6.7
5g5z,5.66
5g60,6.52
5g6u,6.66
5gg4,5.82
5ggj,1.75
5ggl,1.78
5ggo,3.1
5ggz,7.25
5gic,6.48
5gj9,4.99
5gja,5.55
5gjd,7.92
5gjf,6.59
5gjg,6.21
5glu,4.02
5gmm,4.54
5gmn,4.73
5gmu,3.32
5gmv,6.23
5gn6,6.92
5gn7,6.05
5gn9,7.05
5gnk,8.28
5go2,3.22
5goe,4.34
5gof,4.05
5gow,4.45
5gp7,5.15
5gr9,7.48
5gs4,7.07
5gs9,5.26
5gsw,5.94
5gtr,7.17
5gty,7.72
5gu4,5.47
5gub,6.2
5gvk,7.0
5gvl,7.38
5gvm,6.73
5gvn,7.05
5gvp,6.78
5gwa,5.77
5gwy,4.95
5gwz,4.71
5gx6,5.8
5gx7,5.56
5h08,5.96
5h09,5.88
5h0b,7.96
5h0e,6.68
5h0g,6.95
5h0h,6.16
5h13,4.94
5h15,5.8
5h19,6.49
5h1e,7.54
5h1t,3.8
5h1u,3.51
5h1v,4.0
5h21,5.19
5h22,7.44
5h2u,8.15
5h3q,8.22
5h5f,4.43
5h5o,6.56
5h5q,5.74
5h5s,5.09
5h63,5.92
5h6v,6.68
5h7g,9.24
5h7h,3.77
5h85,4.7
5h8b,11.31
5h8e,11.2
5h8g,10.32
5h8x,5.51
5h9p,7.17
5h9s,4.06
5ha1,7.19
5ha9,5.78
5hbe,8.64
5hbh,7.31
5hbj,8.64
5hbs,7.73
5hct,7.6
5hcv,8.7
5hd0,8.4
5hda,5.13
5hdu,9.0
5hdv,7.82
5hdx,7.32
5hdz,7.35
5he0,6.82
5he4,7.7
5he5,6.47
5he7,8.3
5heb,6.1
5hed,4.44
5hes,7.54
5hex,8.0
5hey,5.66
5hf1,5.74
5hfb,4.57
5hfc,5.72
5hfj,4.39
5hfu,6.89
5hg5,8.7
5hg7,8.4
5hg8,8.52
5hg9,7.46
5hgc,8.66
5hgq,7.34
5hh4,5.96
5hh6,6.4
5hhx,8.21
5hi7,7.85
5hip,6.05
5his,4.71
5hjb,5.68
5hjc,4.35
5hk2,8.59
5hk9,6.54
5hka,6.46
5hkb,5.59
5hkh,5.09
5hki,2.8
5hkm,7.89
5hl9,4.66
5hlm,5.9
5hln,11.52
5hlp,7.27
5hls,7.41
5hlw,7.64
5hm0,6.36
5hm3,5.17
5hmh,8.15
5hn7,3.92
5hn8,4.01
5hn9,4.3
5hna,4.23
5hng,4.03
5ho6,6.69
5ho8,5.96
5hog,3.64
5hor,8.22
5hrv,5.29
5hrw,5.48
5hrx,5.29
5htb,6.77
5htc,6.82
5htl,6.3
5htz,8.62
5hu0,6.23
5hu1,8.66
5hu9,7.62
5huy,5.03
5hv1,4.1
5hva,7.07
5hvp,7.7
5hvs,7.15
5hvt,7.26
5hvy,7.76
5hwv,5.07
5hx6,8.0
5hx8,10.0
5hyr,7.38
5hyx,6.55
5hz6,7.8
5hz8,6.4
5hzx,8.55
5i0b,5.06
5i0l,7.74
5i12,5.92
5i13,5.08
5i22,7.62
5i23,7.29
5i24,7.42
5i29,7.82
5i2z,7.14
5i38,3.42
5i3a,5.05
5i3v,7.8
5i3w,9.22
5i3x,8.1
5i40,4.86
5i43,7.2
5i4o,7.28
5i4v,8.52
5i56,7.32
5i58,6.92
5i59,6.95
5i5x,6.7
5i5z,9.05
5i7u,8.77
5i7x,7.28
5i7y,7.28
5i83,5.39
5i86,6.28
5i8b,6.96
5i8g,7.52
5i94,7.52
5i9i,7.3
5i9x,7.52
5i9y,8.55
5ia0,6.73
5ia1,6.28
5ia2,7.72
5ia4,7.28
5ia5,7.6
5iaw,4.81
5ick,5.01
5icp,8.42
5icv,5.62
5icx,6.96
5icz,5.3
5id0,5.77
5id1,6.25
5idn,8.59
5idp,7.35
5ie1,6.85
5iee,4.94
5ief,5.28
5ieo,7.0
5iep,7.0
5ier,4.89
5iez,7.64
5if6,7.23
5ifu,4.47
5igk,7.38
5igl,7.37
5igm,7.38
5igq,6.6
5ih2,5.76
5ih5,6.3
5ih6,5.6
5ih9,8.7
5iha,8.05
5ihc,7.89
5ii1,5.48
5ij7,8.51
5ijj,6.55
5ijr,3.2
5ikb,8.72
5il1,5.82
5im3,5.82
5ime,8.34
5in9,6.36
5inh,6.0
5iok,5.02
5iop,4.54
5ioz,4.96
5ipa,4.7
5ipc,4.89
5ipj,8.89
5iq6,5.26
5iql,4.56
5irr,5.27
5isl,7.28
5ism,9.15
5isz,4.49
5itd,6.58
5itf,5.74
5ito,4.16
5itp,5.0
5iu2,7.8
5iu4,9.28
5iu6,3.89
5iu7,8.96
5iu8,7.74
5iua,8.82
5iub,9.46
5iug,7.33
5iuh,6.4
5iv4,5.48
5ivc,5.92
5ive,7.57
5ivj,7.34
5ivn,8.85
5ivt,9.1
5ivy,6.44
5iw0,7.22
5iwg,6.46
5ix0,6.28
5ixf,5.52
5ixq,4.7
5ixt,4.6
5iyv,3.87
5iyy,4.77
5iza,5.51
5izc,3.95
5izf,9.74
5izj,11.52
5izk,6.72
5izl,5.73
5izq,8.52
5izu,7.27
5j0d,6.87
5j18,9.15
5j1r,4.66
5j1v,7.39
5j1w,6.72
5j1x,5.52
5j20,9.14
5j27,6.74
5j2x,7.74
5j32,5.08
5j3l,4.8
5j3s,7.72
5j3v,6.98
5j41,3.7
5j47,5.31
5j4v,5.85
5j4y,6.05
5j58,7.3
5j59,7.3
5j5d,4.68
5j5r,6.89
5j5x,11.02
5j64,6.85
5j6a,7.77
5j6d,8.22
5j6l,7.89
5j6m,8.57
5j6n,7.77
5j71,6.96
5j74,8.72
5j75,6.82
5j79,8.52
5j7b,8.3
5j7f,7.24
5j7j,5.07
5j7p,7.28
5j7q,4.58
5j7s,7.3
5j7w,4.89
5j86,8.26
5j87,8.05
5j8i,8.29
5j8m,6.8
5j8u,6.47
5j8z,8.3
5j9f,7.23
5j9k,5.85
5j9l,7.47
5j9y,7.24
5j9z,7.8
5ja0,5.22
5jal,2.47
5jao,4.0
5jar,5.7
5jas,5.77
5jat,6.64
5jau,8.85
5jaz,6.55
5jbi,6.92
5jc1,6.82
5jcb,4.21
5jcj,4.42
5jdc,3.98
5jdi,5.37
5jek,3.98
5jf2,7.89
5jf3,7.42
5jf4,7.19
5jf5,7.2
5jf6,7.21
5jf7,6.04
5jfd,9.54
5jfp,9.32
5jfr,8.3
5jfu,8.07
5jg1,8.72
5jga,8.64
5jgb,7.89
5jgd,7.96
5jgi,4.3
5jgq,4.62
5jh6,8.48
5jha,5.9
5jhb,6.06
5jhk,4.64
5ji6,7.96
5jic,6.89
5jid,3.76
5jim,3.99
5jin,5.64
5jiq,5.4
5jiy,6.27
5jjm,7.51
5jjr,7.8
5jk3,8.14
5jlz,5.82
5jm4,7.42
5jmw,6.76
5jmx,5.09
5jn8,7.3
5jn9,7.79
5jna,7.35
5jnc,5.48
5jnl,6.57
5jnn,5.35
5jog,8.24
5joh,5.96
5jop,9.41
5jq5,5.63
5jq9,4.65
5jqb,2.22
5jr2,7.57
5jr6,4.69
5jrq,6.77
5jrs,8.4
5js3,6.73
5jsj,5.4
5jsq,4.67
5jss,6.45
5jt9,6.63
5jur,8.52
5juz,5.52
5jv1,6.07
5jv2,4.0
5jvi,6.51
5jxn,6.41
5jxq,8.15
5jy3,7.92
5jyo,8.52
5jyp,7.0
5jyy,8.1
5jz9,3.57
5jzb,3.39
5jzi,4.8
5jzn,5.96
5jzs,3.27
5jzy,9.82
5k00,8.15
5k05,4.96
5k09,6.0
5k0b,6.05
5k0c,5.96
5k0f,6.07
5k0h,7.09
5k0i,8.7
5k0j,7.12
5k0m,8.82
5k0s,8.22
5k0t,5.78
5k0x,8.36
5k13,8.74
5k1d,4.68
5k1f,4.79
5k48,6.6
5k4i,8.51
5k4j,7.11
5k4l,7.3
5k4z,6.15
5k51,4.8
5k5c,1.62
5k5e,6.35
5k5s,2.69
5k6a,4.51
5k6s,6.26
5k7h,6.0
5k8n,6.32
5k8o,5.96
5k8s,8.22
5k8v,6.34
5k9w,4.59
5ka1,4.48
5ka3,4.59
5ka7,4.35
5ka9,4.41
5kad,4.43
5kap,4.23
5kat,4.1
5kau,6.52
5kbe,6.34
5kbf,8.92
5kbg,6.11
5kbh,6.26
5kbi,5.39
5kbq,7.0
5kbr,6.59
5kby,8.82
5kcb,6.0
5kcv,8.3
5kde,3.89
5kdf,3.27
5kdr,8.3
5ke0,9.7
5kej,5.11
5kew,6.5
5kez,8.15
5kgw,4.79
5kgx,4.8
5kh7,3.66
5khd,5.6
5khg,4.69
5khh,4.31
5khj,3.74
5khm,8.3
5khx,7.85
5kj0,6.89
5kj2,7.82
5kjk,7.92
5kjm,7.19
5kjn,7.77
5kk8,5.84
5kkr,6.92
5kks,8.7
5kkt,9.0
5klp,4.64
5klr,7.72
5kls,6.71
5klt,6.76
5kly,7.21
5klz,6.37
5km1,6.18
5km2,4.41
5km3,4.6
5km5,6.92
5km9,4.25
5kmf,6.29
5kmh,4.62
5knr,5.85
5knu,5.55
5knv,4.87
5knx,6.1
5ko1,6.64
5ko5,4.57
5koq,9.24
5kos,8.82
5kpk,8.3
5kpl,6.29
5kpm,7.82
5kq5,8.05
5kqd,6.3
5kqg,5.15
5kqx,8.44
5kqy,9.29
5kr0,9.15
5kr1,9.49
5ks7,5.32
5ksu,4.08
5ksv,5.22
5ksx,5.43
5ktw,7.52
5ku3,4.89
5ku6,6.84
5ku9,5.83
5kv9,5.85
5kva,5.14
5kw2,9.09
5kww,8.13
5kx7,7.44
5kx8,7.42
5kxc,5.26
5kxi,7.74
5kyj,7.89
5kz0,7.66
5kzi,10.0
5kzq,8.28
5l01,7.48
5l0c,6.15
5l0h,5.64
5l13,6.96
5l15,9.57
5l17,9.3
5l26,5.35
5l2i,7.4
5l2m,6.89
5l2n,5.55
5l2s,7.08
5l2t,6.19
5l2w,6.68
5l30,9.14
5l3a,4.89
5l3e,6.18
5l3f,6.33
5l3g,6.23
5l44,4.4
5l4e,4.61
5l4f,5.89
5l4h,3.75
5l4i,6.59
5l4j,4.28
5l4m,5.34
5l6h,6.62
5l6j,6.7
5l6o,8.22
5l7e,6.6
5l7f,9.05
5l7h,7.3
5l87,5.07
5l8c,7.0
5l8n,4.51
5l8o,3.38
5l8t,3.55
5l8y,6.4
5l98,3.31
5l99,3.32
5l9g,7.7
5l9h,6.4
5l9i,7.0
5l9l,7.1
5l9o,5.4
5laq,9.2
5lav,6.09
5lay,7.47
5laz,8.4
5lc0,6.7
5lca,4.48
5lce,8.04
5lcf,4.75
5lch,4.69
5lcj,6.64
5lck,8.1
5ld8,8.05
5ldk,4.17
5ldm,3.86
5ldo,3.75
5ldp,4.17
5le1,4.97
5lg3,3.8
5lgn,5.54
5lgo,8.22
5lgp,7.04
5lgq,7.05
5lgr,7.09
5lgu,7.66
5lh8,7.72
5lhh,8.17
5lhu,4.66
5li3,7.28
5lj0,8.0
5lj2,5.0
5ljj,7.21
5ljq,9.0
5lkr,5.48
5ll4,8.4
5ll5,6.04
5ll7,5.61
5lla,7.72
5llc,9.52
5lle,10.22
5llh,10.17
5lli,7.05
5llm,5.35
5llp,9.24
5lm6,5.11
5lma,6.6
5lmb,7.8
5lmk,7.43
5lne,4.76
5lny,7.38
5lo5,5.87
5lo6,7.27
5loh,5.04
5lom,7.13
5lp6,4.76
5lpd,10.15
5lpj,5.0
5lpk,5.51
5lpl,4.92
5lpm,5.56
5lpr,6.57
5lqf,6.6
5lqq,7.09
5lrg,8.82
5lrj,8.72
5lrq,5.8
5ls6,9.0
5lsc,4.7
5lsg,5.4
5lsh,3.39
5lso,5.85
5lsy,6.54
5lt9,4.19
5ltn,5.27
5lto,5.92
5lu2,5.2
5luu,5.06
5lvl,5.9
5lvn,4.7
5lvr,3.6
5lwd,6.24
5lwm,8.87
5lwn,7.77
5lws,3.94
5lx6,5.72
5lxb,9.77
5lxc,7.97
5lxd,8.5
5ly1,7.53
5ly3,7.51
5lyh,6.31
5lyr,7.89
5lyw,6.15
5lyx,7.42
5lyy,4.85
5lz2,3.0
5lz5,6.35
5lz7,6.28
5lz8,6.01
5lz9,6.92
5lzg,3.1
5lzh,3.1
5lzj,3.9
5m04,6.34
5m0d,6.09
5m0m,8.22
5m0s,6.69
5m17,3.66
5m23,8.9
5m25,8.19
5m28,4.32
5m29,7.4
5m2q,7.52
5m2v,5.4
5m34,6.82
5m39,4.62
5m3a,5.7
5m3b,6.92
5m4c,7.4
5m4f,7.89
5m4i,7.89
5m4k,5.66
5m4q,3.51
5m53,6.21
5m55,6.62
5m56,7.89
5m57,4.92
5m5d,3.95
5m63,6.96
5m6f,6.66
5m6h,6.82
5m6m,7.36
5m77,7.61
5m7m,6.45
5m7t,5.41
5m7u,8.1
5m9d,5.8
5m9w,2.24
5mae,6.84
5maj,7.46
5mar,4.39
5mat,6.24
5may,6.48
5mb1,6.6
5mby,3.51
5meh,6.32
5mek,5.38
5mes,6.47
5mf6,4.36
5mfr,4.3
5mft,7.47
5mg2,7.77
5mge,4.06
5mgf,4.27
5mgi,5.95
5mgj,4.29
5mgk,4.0
5mgx,5.59
5mhp,7.82
5mi3,6.84
5mi5,6.77
5mi9,8.35
5mim,7.34
5mja,6.66
5mjb,8.52
5mjn,8.54
5mk1,3.88
5mk3,4.05
5mk9,4.42
5mka,4.31
5mkj,4.31
5mks,4.77
5mkx,4.7
5mkz,4.7
5ml0,6.3
5ml3,9.69
5ml4,8.7
5ml5,8.0
5ml6,9.45
5ml8,8.1
5mli,3.9
5mlj,8.85
5mlo,5.32
5mm9,6.42
5mme,5.85
5mmg,6.01
5mmn,6.7
5mmp,7.52
5mnb,2.48
5mnh,4.68
5mnn,3.84
5mnr,5.46
5mnx,2.48
5mo0,4.68
5mo2,3.84
5mo8,5.79
5mob,4.05
5moc,4.63
5moe,3.28
5mon,2.48
5moq,4.68
5mos,3.79
5mpk,8.52
5mpz,4.07
5mql,5.85
5mqv,8.1
5mqx,5.41
5mqy,7.11
5mra,8.0
5mrb,6.33
5mrd,4.44
5mri,4.4
5mro,5.7
5mrp,5.52
5msb,7.46
5mt0,3.3
5mt4,3.3
5mts,7.15
5mtv,4.11
5mtw,5.72
5muc,6.04
5mw3,6.62
5mw4,11.7
5mw6,4.73
5mwa,6.82
5mwg,5.77
5mwh,5.74
5mwj,7.61
5mwo,3.21
5mwp,7.5
5mwy,7.0
5mwz,5.15
5mxk,3.39
5mxo,5.27
5mxq,5.72
5mxx,7.51
5myd,4.86
5myl,5.0
5mym,5.41
5myn,4.52
5myo,10.53
5mys,4.3
5myv,7.51
5myx,8.16
5mz8,2.31
5mzg,6.86
5n0d,8.48
5n0f,6.05
5n16,5.3
5n17,5.32
5n18,5.68
5n1p,4.6
5n1r,7.95
5n1s,7.99
5n1v,6.19
5n1x,3.16
5n1z,8.19
5n21,5.96
5n24,8.92
5n25,7.78
5n2d,8.22
5n2f,7.1
5n31,5.79
5n34,4.63
5n3v,4.34
5n3w,6.3
5n3y,5.03
5n49,6.33
5n4t,5.97
5n53,2.55
5n58,6.1
5n6s,8.09
5n7g,4.58
5n7v,8.77
5n7x,5.24
5n84,7.96
5n87,9.25
5n8e,5.33
5n8j,5.54
5n8t,5.74
5n8v,6.68
5n8w,6.33
5n93,8.66
5n99,4.21
5n9k,9.34
5n9n,9.39
5n9s,8.62
5na0,9.77
5nad,8.96
5nai,6.1
5nap,7.95
5nar,6.3
5nat,4.7
5nau,7.52
5naw,7.3
5nb6,6.3
5nb7,8.22
5nba,7.3
5ncq,6.96
5ncy,9.4
5ncz,9.1
5ndd,6.46
5ndf,5.85
5ne3,7.84
5ne5,7.41
5nea,10.3
5neb,7.77
5nee,10.7
5nev,7.36
5nf5,6.82
5nf6,7.46
5nf9,5.33
5nfa,5.25
5nfh,7.74
5ng9,6.72
5ngb,7.72
5ngf,5.11
5ngr,4.62
5ngt,5.89
5ngu,7.44
5ngz,2.89
5nhf,9.49
5nhh,8.95
5nhj,8.27
5nho,9.52
5nhp,7.64
5nhv,8.55
5nhy,8.64
5nhz,5.33
5ni5,8.05
5ni7,7.7
5ni8,7.7
5nib,7.72
5nih,6.87
5niy,4.22
5njx,4.15
5njz,7.8
5nk3,7.42
5nk6,6.8
5nk8,6.64
5nk9,6.14
5nkc,7.72
5nkd,7.59
5nki,7.72
5nkn,9.92
5nmf,7.42
5nmg,5.75
5nn0,10.96
5nn4,1.94
5nn5,5.47
5nn6,5.52
5nne,4.71
5np8,4.62
5npb,7.09
5npf,4.24
5npr,4.9
5nps,5.89
5nq5,5.0
5nqe,6.15
5nqr,7.15
5nr8,6.76
5nra,6.91
5nrf,6.79
5nsp,6.47
5nt4,7.77
5ntk,8.01
5ntt,5.75
5ntw,9.22
5nu1,9.0
5nu3,6.64
5nu5,6.33
5nut,7.92
5nuu,8.2
5nvc,6.19
5nve,7.46
5nvf,7.8
5nvh,7.82
5nvw,6.77
5nvx,7.05
5nvy,6.12
5nvz,6.77
5nw0,6.52
5nw1,6.6
5nw2,6.49
5nwb,7.8
5nwc,6.15
5nwd,8.0
5nwg,6.18
5nwh,7.54
5nwi,6.16
5nwk,6.57
5nwz,9.1
5nx9,4.6
5nxg,8.55
5nxi,6.66
5nxv,8.46
5nxx,4.77
5ny1,6.44
5ny3,7.47
5ny6,7.87
5nya,6.38
5nyh,7.73
5nyz,5.03
5nz2,5.03
5nzf,4.03
5nzm,3.9
5nzn,3.66
5nzp,2.19
5o07,7.47
5o0a,3.24
5o0b,4.18
5o0e,4.53
5o0j,4.77
5o11,6.67
5o1a,4.52
5o1b,4.7
5o1c,3.95
5o1d,4.66
5o1f,4.52
5o1g,3.94
5o22,8.0
5o2d,5.68
5o3q,5.68
5o45,8.05
5o48,4.7
5o4f,6.68
5o4s,5.47
5o4y,8.15
5o4z,6.07
5o5m,5.23
5o7e,8.0
5o7i,6.09
5o7n,6.52
5o83,7.96
5o87,6.61
5o8t,7.13
5o91,6.46
5o9h,6.62
5o9p,5.09
5o9q,5.21
5o9r,5.39
5o9y,5.34
5oa2,5.01
5oa6,5.51
5oai,5.15
5oaj,6.56
5oax,7.57
5obj,4.78
5obr,5.36
5ocj,4.82
5od1,5.96
5od5,7.74
5odu,3.28
5odx,6.71
5ody,8.4
5oei,5.8
5of0,8.63
5ofi,4.2
5ofv,1.58
5ofw,2.8
5ofx,3.96
5ogb,7.47
5oh1,4.41
5oh2,4.24
5oh3,3.87
5oh7,4.37
5oh9,3.86
5oha,4.89
5ohi,8.47
5ohj,10.42
5oht,6.02
5ohy,5.17
5oje,5.21
5ok6,5.05
5okt,6.03
5oku,6.26
5olb,7.89
5olk,6.0
5om2,4.06
5om3,4.1
5om7,5.74
5om9,4.25
5one,7.28
5oot,7.55
5op2,6.62
5op5,6.67
5op6,4.68
5op8,4.18
5opb,7.62
5opc,4.54
5opr,5.59
5ops,5.06
5opu,7.28
5opv,7.29
5oq4,7.6
5oq6,7.56
5oq7,6.49
5oq8,5.85
5oqu,3.61
5oqw,7.4
5or9,4.06
5orh,4.39
5ork,3.63
5orr,3.77
5ort,3.05
5orv,2.89
5orw,3.1
5orx,3.51
5ory,3.45
5orz,3.36
5os0,2.55
5os1,3.31
5os2,2.74
5os4,2.78
5os5,3.39
5os7,3.69
5os8,3.98
5osd,3.21
5ose,3.17
5osk,5.6
5osl,3.43
5oss,4.55
5ost,4.56
5osy,7.37
5ot3,5.23
5ot8,4.2
5ot9,4.07
5otc,4.71
5otr,4.92
5otz,5.19
5ou2,3.22
5ou3,6.21
5oua,5.57
5oug,2.77
5ouh,5.67
5oui,4.03
5ov9,5.66
5ovc,5.96
5ove,6.35
5ovf,6.85
5ovg,6.4
5ovi,7.68
5ovr,4.57
5ovv,4.48
5ovx,4.5
5ow1,4.15
5ow8,5.16
5owa,5.46
5owc,7.59
5owf,5.8
5owh,5.92
5ows,8.0
5ox5,5.59
5ox6,7.54
5oxk,2.17
5oxl,3.25
5oxn,1.96
5oy3,4.15
5pzm,5.96
5pzn,7.39
5q0e,9.16
5q0g,9.74
5q0i,4.25
5q0j,6.62
5q0l,5.36
5q0m,8.1
5q0n,8.06
5q0p,7.41
5q0q,6.11
5q0s,7.21
5q0t,4.54
5q0u,6.76
5q0v,7.69
5q0w,7.24
5q0x,7.35
5q0y,5.73
5q10,5.2
5q12,5.33
5q13,7.04
5q14,7.68
5q16,7.87
5q18,7.17
5q19,7.32
5q1a,8.02
5q1b,7.31
5q1c,8.08
5q1d,6.12
5q1e,6.92
5q1f,7.14
5q1g,3.58
5q1h,5.1
5q1i,6.24
5qa5,3.52
5qa7,3.96
5qa8,3.77
5qa9,3.64
5qab,3.65
5qac,3.6
5qad,3.77
5qae,3.62
5qag,3.7
5qaj,3.48
5qak,3.66
5qal,3.46
5qam,4.0
5qan,3.96
5qao,3.62
5qap,4.0
5qaq,3.54
5qar,3.77
5qas,3.72
5qat,3.85
5qau,4.15
5qav,4.15
5qaw,3.4
5qax,3.8
5qay,3.23
5qb0,3.8
5qb1,4.7
5qb2,4.15
5qb3,4.31
5qbv,6.37
5qby,7.4
5qc4,6.82
5qck,7.64
5qcl,7.96
5qcm,6.96
5qil,11.52
5qim,11.22
5qin,10.4
5qj2,7.68
5qj3,7.62
5qqo,7.77
5qqp,8.28
5qtt,8.47
5std,10.49
5svi,5.17
5svk,8.48
5svl,8.55
5svy,6.13
5svz,5.92
5swf,6.26
5swg,4.48
5swh,7.59
5sxk,4.7
5sxm,8.54
5sxn,4.96
5sy2,4.96
5sy3,4.37
5sym,6.55
5syn,6.62
5sys,7.36
5sz0,9.1
5sz1,8.92
5sz2,8.7
5sz3,8.6
5sz4,9.7
5sz5,7.7
5sz6,7.0
5sz7,9.7
5sz9,4.42
5szb,5.11
5szc,4.69
5t18,9.3
5t19,4.49
5t1a,7.89
5t1i,3.92
5t1k,6.28
5t1l,6.62
5t1s,7.08
5t1t,7.24
5t1u,7.16
5t1w,7.11
5t23,5.8
5t27,7.1
5t28,8.49
5t2b,8.3
5t2g,8.1
5t2i,8.7
5t2m,9.2
5t2p,5.72
5t2y,5.66
5t35,7.18
5t3n,8.04
5t4b,9.38
5t4f,8.0
5t4h,8.03
5t4u,5.32
5t4v,7.22
5t52,9.28
5t54,9.06
5t5g,5.89
5t6f,5.8
5t6g,5.96
5t6j,4.93
5t6p,6.06
5t6z,4.21
5t70,3.99
5t78,7.37
5t7s,4.1
5t8e,9.14
5t8j,9.0
5t8o,6.51
5t8p,5.89
5t8q,4.16
5t8r,4.29
5t90,6.68
5t92,7.8
5t9u,7.6
5t9w,5.59
5t9z,7.19
5ta2,7.96
5tb6,5.82
5tbe,8.97
5tbj,5.82
5tbm,7.31
5tbn,5.44
5tbp,5.18
5tc0,7.6
5tca,7.72
5tci,6.88
5tcj,7.38
5tco,8.19
5tcy,7.66
5td2,8.66
5td7,5.77
5tdb,5.84
5tdi,9.74
5tdr,4.54
5tdw,4.7
5tef,5.4
5teh,7.55
5tex,6.4
5tfx,7.22
5tg1,5.82
5tg4,3.32
5tg5,4.01
5tgc,6.7
5th2,4.52
5th4,2.85
5th7,5.16
5thi,3.61
5thj,2.87
5thn,4.02
5tho,7.64
5ti0,4.21
5ti3,4.36
5ti4,4.59
5ti6,4.68
5ti7,4.96
5tig,4.22
5tiu,8.3
5tjx,6.82
5tkb,7.89
5tkd,8.15
5tkj,8.15
5tkt,8.49
5tku,9.8
5tln,6.37
5tmp,7.47
5tnt,8.31
5to8,8.51
5tob,8.82
5toe,5.6
5toz,9.46
5tp0,5.44
5tpb,2.59
5tpc,3.0
5tpg,7.85
5tpx,6.55
5tq1,5.49
5tq3,8.66
5tq4,8.38
5tq5,7.23
5tq6,6.91
5tq7,7.67
5tq8,7.64
5tqe,6.72
5tqf,8.3
5tqg,9.62
5tqs,5.86
5trf,9.06
5trg,7.82
5tri,5.06
5trj,5.92
5trr,7.39
5try,7.8
5ts0,7.8
5tt3,6.71
5tt7,7.89
5tt8,6.5
5ttg,7.34
5tts,7.25
5ttu,7.33
5ttv,7.54
5ttw,5.96
5tuo,6.49
5tuq,6.35
5tus,4.43
5tv1,7.24
5tvn,9.04
5tw2,7.3
5tw3,8.7
5tw5,7.42
5twl,7.98
5twx,7.52
5twz,7.87
5tx3,8.85
5tx5,7.8
5ty8,5.46
5ty9,5.21
5tya,4.48
5tyh,2.08
5tyi,6.89
5tyj,7.46
5tyk,7.65
5tyl,7.82
5typ,7.6
5tyr,9.59
5tys,10.72
5tz3,6.85
5tza,9.0
5tzh,6.17
5tzo,5.23
5tzw,6.01
5tzx,7.28
5tzy,8.7
5tzz,7.85
5u00,8.7
5u06,6.66
5u0d,4.54
5u0e,5.11
5u0g,4.58
5u0w,4.24
5u0y,6.08
5u0z,6.19
5u11,5.35
5u12,5.07
5u13,5.41
5u14,5.34
5u2e,6.56
5u2f,6.71
5u2j,5.92
5u3b,8.82
5u49,6.14
5u4a,6.36
5u4b,5.74
5u4c,6.0
5u4d,6.33
5u4e,6.35
5u4g,6.1
5u4x,8.15
5u51,4.92
5u5h,5.89
5u5k,4.02
5u5l,4.85
5u5t,5.41
5u62,5.89
5u66,3.0
5u69,6.22
5u6b,9.89
5u6c,10.3
5u6d,8.59
5u6j,7.64
5u6v,7.68
5u7d,9.3
5u7i,7.18
5u7j,6.41
5u7l,6.37
5u7o,7.14
5u8a,7.89
5u8c,7.53
5u8f,7.96
5u94,7.19
5u98,9.7
5u9d,9.26
5u9i,7.31
5uac,8.3
5uah,3.4
5ubg,5.17
5uc1,7.85
5uc4,6.46
5uch,6.01
5uci,5.37
5ucj,6.36
5ue4,6.36
5ueu,7.78
5uey,8.29
5uez,6.01
5ufc,5.16
5uff,4.24
5ufi,8.4
5ufo,7.43
5ufp,7.37
5ufr,8.7
5ufs,8.49
5ug8,8.7
5ug9,8.1
5uga,6.79
5ugc,7.89
5ugd,6.62
5ugh,6.77
5ugm,5.9
5uhi,8.04
5uig,7.95
5uiq,4.26
5uir,7.14
5uis,6.84
5uit,8.34
5uiu,9.7
5ujv,3.6
5uk8,6.4
5ukj,7.16
5ukk,6.21
5ukl,6.2
5ukm,7.52
5ul1,6.64
5ul5,6.97
5ul6,8.22
5ula,7.11
5ulg,6.72
5uln,7.85
5ulp,4.61
5ult,10.85
5umw,4.23
5umx,5.96
5umy,6.97
5umz,7.12
5un1,5.8
5un9,7.68
5unf,9.47
5unh,9.46
5unj,6.62
5unp,10.02
5uoo,8.85
5uov,10.6
5uox,8.3
5uoy,7.57
5up0,6.34
5up3,7.9
5upe,8.05
5upf,8.6
5upj,7.12
5upz,9.2
5uq9,6.15
5uqv,6.37
5uqx,6.21
5ur1,8.97
5ur5,7.14
5ur6,7.06
5ur9,6.05
5ura,6.4
5urk,6.1
5urm,5.28
5usf,9.16
5usq,7.0
5usz,6.97
5ut0,5.88
5ut4,4.38
5ut6,4.24
5uv2,4.4
5uv5,7.7
5uwi,5.8
5uwj,5.7
5uwl,8.03
5uwm,6.45
5uwn,7.87
5uwp,5.8
5ux4,7.05
5uxf,7.06
5uxm,5.44
5uxn,4.64
5uy8,8.3
5uyu,9.51
5uzj,6.78
5uzk,6.74
5v0n,7.17
5v13,7.63
5v19,3.3
5v1d,6.7
5v1y,8.15
5v24,6.4
5v2l,3.54
5v2p,8.29
5v2q,8.28
5v35,6.96
5v37,9.47
5v3h,8.3
5v3o,7.22
5v3x,6.59
5v3y,6.72
5v40,5.8
5v41,6.15
5v42,6.62
5v4q,2.57
5v5d,5.27
5v5e,5.52
5v5n,8.02
5v6u,2.26
5v6y,8.47
5v79,6.41
5v7a,6.38
5v7i,7.18
5v7t,6.21
5v82,10.15
5v83,5.16
5v86,7.1
5v88,7.55
5v8o,3.77
5v8p,4.99
5v9t,7.35
5va9,7.84
5var,4.09
5vb6,6.37
5vb7,6.72
5vb9,5.89
5vc3,7.11
5vc5,7.96
5vc6,7.87
5vcv,6.82
5vcw,5.96
5vcy,6.57
5vd0,6.49
5vd1,6.0
5vd2,7.1
5vdk,7.57
5vdq,3.67
5vdt,4.68
5vdu,4.0
5vdv,4.0
5vdw,4.0
5vee,6.11
5vew,5.15
5vex,4.63
5vfd,6.44
5vfj,4.7
5vfm,3.82
5vfn,3.52
5vgi,6.98
5vgy,4.18
5vh0,4.52
5vi6,8.52
5vih,7.49
5vii,7.29
5vil,8.82
5vio,8.62
5vja,6.59
5vk0,9.74
5vkc,8.74
5vkf,4.77
5vkm,3.55
5vl2,8.42
5vlh,6.8
5vlk,5.26
5vll,6.37
5vm0,8.8
5vm6,7.11
5vnb,5.3
5vnd,6.49
5vo2,6.81
5vo6,9.05
5voj,8.44
5vom,6.1
5vp0,9.21
5vp1,9.29
5vp9,8.99
5vpm,8.8
5vqe,1.49
5vqi,6.25
5vqq,5.28
5vqs,5.7
5vqt,5.74
5vqu,5.11
5vqv,6.4
5vqw,5.7
5vqx,6.32
5vqy,6.29
5vqz,6.39
5vr8,6.87
5vs6,6.98
5vsb,5.12
5vsc,6.29
5vsd,7.24
5vse,5.97
5vsf,7.03
5vsj,4.02
5vsk,5.74
5vwi,4.84
5vwk,5.48
5vyy,6.21
5vzu,5.57
5vzy,8.49
5w0e,9.03
5w0i,8.85
5w0l,4.74
5w0q,8.0
5w10,6.62
5w12,7.28
5w13,7.66
5w19,5.3
5w1e,5.24
5w1w,5.52
5w2p,6.88
5w2q,6.88
5w2s,7.33
5w38,7.33
5w3i,5.8
5w44,6.44
5w4e,6.46
5w4r,7.48
5w4s,4.03
5w4v,7.15
5w4w,8.1
5w5k,8.3
5w5o,8.1
5w5s,7.77
5w5u,7.19
5w5v,6.1
5w6e,8.04
5w6i,6.9
5w6o,6.28
5w6r,7.57
5w6t,7.57
5w6u,5.49
5w7i,4.95
5w7u,8.05
5w7x,4.1
5w84,6.44
5w86,8.7
5w88,4.52
5w8h,4.63
5w8i,6.82
5w8j,6.43
5w8v,8.22
5w92,7.7
5w94,4.65
5w99,4.68
5w9g,6.82
5wa1,4.17
5wa5,6.72
5wa6,6.36
5wa7,6.4
5wac,7.42
5wae,6.8
5waf,9.35
5wag,5.21
5wal,8.77
5wap,6.52
5wb3,7.22
5wb6,10.7
5wbf,3.81
5wbk,6.03
5wbl,6.44
5wbo,4.21
5wbr,4.77
5wbz,6.41
5wcl,4.52
5wcm,4.0
5wdc,6.4
5wdl,6.17
5wdw,6.54
5we9,7.22
5web,8.0
5wef,6.44
5wei,5.7
5wej,4.82
5wep,6.36
5wev,6.82
5wew,6.74
5wex,7.18
5wf3,5.85
5wf7,4.01
5wfc,4.9
5wfd,4.58
5wfj,8.89
5wfw,6.1
5wfz,8.0
5wg3,8.1
5wg4,7.0
5wg5,7.18
5wg6,4.54
5wg8,5.74
5wg9,5.59
5wgd,7.11
5wgq,6.48
5wh5,7.19
5wh6,7.92
5whc,4.92
5wi0,3.44
5wic,4.64
5wii,4.49
5wij,6.31
5wik,6.21
5win,7.03
5wio,5.03
5wip,4.71
5wir,7.12
5wkf,3.87
5wl0,9.17
5wle,5.72
5wlo,10.82
5wlv,8.52
5wmt,5.86
5wou,6.18
5wp5,5.34
5wpb,3.57
5wqa,7.96
5wqc,8.96
5wqd,4.77
5wqj,5.52
5wqk,6.3
5wr7,8.96
5wre,6.41
5ws3,8.96
5wtt,6.6
5wuk,7.85
5wuu,6.09
5wvd,7.68
5wxf,4.48
5wxg,3.86
5wxh,6.15
5wxo,3.68
5wxp,3.35
5wyq,4.84
5wys,6.7
5wzr,7.29
5wzs,6.55
5wzt,6.66
5wzu,7.0
5wzw,5.91
5x02,9.85
5x13,5.21
5x28,8.4
5x33,8.49
5x4m,2.92
5x4n,4.17
5x4p,5.03
5x4q,7.11
5x54,5.0
5x5g,5.83
5x5o,8.3
5x62,6.42
5x72,6.33
5x73,6.74
5x74,8.64
5x79,4.92
5x8i,8.7
5x9h,3.76
5x9o,5.3
5x9p,6.89
5xaf,5.77
5xag,5.46
5xbt,5.14
5xff,8.21
5xg4,5.15
5xg5,3.48
5xgh,5.99
5xgl,6.88
5xhs,5.05
5xhz,6.49
5xih,7.15
5xii,7.12
5xij,7.3
5xiw,4.96
5xkm,7.62
5xmp,7.37
5xmr,7.61
5xms,8.14
5xmt,7.58
5xmu,7.51
5xmv,7.68
5xmx,7.24
5xn3,6.17
5xof,4.01
5xpi,5.28
5xpl,7.7
5xpm,7.64
5xpn,6.99
5xpo,7.08
5xpp,7.44
5xqx,6.39
5xs2,8.3
5xs8,5.41
5xsr,7.69
5xst,7.57
5xsu,6.74
5xup,5.25
5xvk,5.05
5xvq,5.05
5xvw,5.48
5xwr,5.98
5xxf,5.74
5xxk,8.2
5xyf,5.98
5xyx,4.84
5xyz,8.1
5xzr,5.49
5y0f,6.68
5y0g,6.7
5y0x,5.11
5y0z,6.34
5y12,6.23
5y13,5.94
5y20,4.52
5y21,6.47
5y24,8.34
5y2f,5.15
5y3n,7.1
5y3o,6.86
5y48,5.85
5y59,5.29
5y5u,7.75
5y5w,6.1
5y61,1.72
5y62,1.74
5y6d,7.26
5y6f,6.85
5y6k,6.07
5y7h,7.73
5y7j,7.29
5y7k,9.18
5y7w,7.7
5y7z,7.81
5y80,8.79
5y8c,6.8
5y8w,6.64
5y8y,7.09
5y8z,6.21
5y93,5.64
5y94,6.79
5y97,3.6
5yba,4.77
5ybe,6.24
5ybi,3.49
5yc2,4.94
5yc3,4.85
5yc4,4.92
5yc8,8.19
5ye7,5.46
5ye8,3.0
5ye9,6.45
5yea,8.3
5yfs,4.86
5yft,5.0
5yg2,6.89
5yg3,7.85
5yg4,7.37
5ygd,7.27
5ygf,6.21
5ygi,7.05
5yh8,6.78
5yhg,6.02
5yhl,7.74
5yia,5.52
5yib,5.48
5yic,5.89
5yid,5.4
5yie,5.25
5yij,3.42
5yj8,3.98
5yjb,7.54
5yjf,5.74
5yji,5.3
5yjk,6.09
5yjo,7.17
5yjp,6.62
5yjy,6.94
5ylj,3.86
5yls,5.29
5ylt,6.39
5ylu,8.62
5ylv,6.82
5ymx,6.92
5yof,5.82
5yov,7.68
5ypp,4.64
5ypw,4.64
5ypy,4.64
5yql,4.59
5yqn,4.03
5yqo,6.09
5yqw,7.51
5yqx,6.96
5yr4,6.34
5yr6,5.34
5yso,7.4
5yto,4.48
5ytu,4.92
5yu9,6.74
5yum,3.65
5yun,5.52
5yv5,5.41
5ywg,8.34
5ywx,9.85
5ywy,7.23
5yy4,6.43
5yy6,7.62
5yy9,8.04
5yyb,6.56
5yyf,6.48
5yyz,4.18
5yz2,4.95
5yz7,4.75
5yzc,5.52
5yzd,6.7
5z1c,2.86
5z1d,8.3
5z1e,8.3
5z1r,5.7
5z1t,6.2
5z4h,3.02
5z4o,3.28
5z5f,2.17
5z5v,6.54
5z7b,4.89
5z7j,6.6
5z89,6.71
5z95,6.55
5z99,6.88
5z9e,3.48
5za1,7.52
5za2,5.77
5za7,5.87
5za8,6.29
5zae,6.81
5zaf,6.78
5zag,6.97
5zah,7.28
5zaj,7.38
5zbz,4.95
5zc5,7.06
5zdc,5.75
5zdd,5.75
5zde,5.75
5zdf,5.7
5zdg,5.42
5zdp,7.18
5ze6,3.35
5zee,2.8
5zfi,5.92
5zg0,7.09
5zg1,7.72
5zg3,7.21
5zh2,6.54
5zh3,4.67
5zh4,5.14
5zh5,5.33
5zhj,5.0
5zhl,6.72
5zhm,6.14
5zhn,8.8
5zjy,8.18
5zjz,7.37
5zk3,8.74
5zk5,8.37
5zk7,6.71
5zk8,8.89
5zk9,7.34
5zkb,8.7
5zkc,8.19
5zku,4.3
5zlf,3.48
5zml,8.11
5zmq,4.74
5znc,7.52
5zni,4.39
5znl,8.77
5znp,4.69
5zo7,9.0
5zo8,8.2
5zo9,8.2
5zob,5.96
5zoo,5.65
5zop,4.73
5zqp,7.74
5zqq,7.66
5zr3,7.01
5zt1,4.67
5ztn,8.3
5zty,10.12
5zu0,5.51
5zuj,4.78
5zun,9.19
5zvw,8.62
5zw6,8.0
5zwe,8.96
5zwf,8.74
5zwi,8.64
5zxi,9.15
5zxk,5.48
5zyg,5.21
5zyh,5.57
5zyi,7.07
5zyk,6.74
5zyl,7.06
5zym,5.77
5zys,6.27
5zz2,8.85
5zz4,9.17
5zzw,5.51
6a05,4.89
6a1c,8.15
6a30,4.89
6a3n,8.06
6a5e,5.49
6a6k,7.46
6a6w,5.43
6a80,5.9
6a84,8.28
6a87,3.15
6a8n,7.82
6a93,8.16
6a94,7.4
6a9o,5.24
6aa4,6.33
6aad,2.79
6aah,8.41
6aaj,8.3
6aak,9.15
6aam,8.32
6aan,2.75
6aao,2.11
6abk,1.95
6abp,6.36
6abx,2.14
6acb,9.41
6aee,5.37
6afa,5.49
6afc,6.03
6afd,5.43
6afe,5.36
6aff,5.41
6afg,4.86
6afh,6.12
6afi,6.2
6afj,6.28
6afk,6.0
6afl,7.0
6afr,7.15
6agg,4.07
6agp,5.05
6agt,8.4
6ahi,3.6
6ajg,5.78
6ajh,6.54
6ajj,6.8
6ajr,4.31
6ajv,5.04
6ajx,5.04
6ajy,5.28
6ak4,5.46
6ak5,6.12
6ak6,5.56
6akw,7.22
6alc,7.51
6alz,10.42
6am8,4.89
6ami,4.52
6an1,5.35
6anl,8.27
6aol,6.27
6aom,6.2
6aoy,4.97
6ap6,5.37
6ap7,5.34
6ap8,5.1
6apr,7.77
6aps,6.66
6apv,6.96
6apw,6.17
6apz,6.82
6aqf,8.67
6aqo,6.11
6aqq,6.55
6aqs,7.55
6ar2,6.41
6ar4,6.24
6arj,7.6
6arn,5.19
6aro,5.15
6arv,7.34
6ary,7.6
6as6,4.82
6asu,5.21
6asz,4.72
6at0,4.04
6au5,5.57
6aud,6.22
6avi,5.71
6awn,9.2
6awo,8.7
6awp,7.16
6ax1,9.42
6axb,6.3
6axk,6.52
6axp,5.07
6axq,4.0
6ay3,8.02
6ay5,7.16
6ayd,6.3
6ayh,5.57
6ayi,6.68
6ayn,5.04
6ayo,8.29
6ayq,8.19
6ayr,8.39
6ayt,8.85
6azk,5.64
6azl,4.93
6b16,7.49
6b1c,6.95
6b1e,7.47
6b1f,8.72
6b1j,7.37
6b1k,6.67
6b1w,7.37
6b1x,7.4
6b1y,7.4
6b22,7.38
6b2c,7.03
6b2p,8.89
6b2q,8.05
6b31,8.44
6b33,8.12
6b3e,6.99
6b3v,9.69
6b41,8.48
6b4h,8.52
6b4l,6.47
6b4n,10.55
6b4u,7.68
6b4w,8.3
6b59,8.09
6b5a,7.94
6b5i,5.96
6b5j,7.1
6b5o,8.33
6b5q,8.24
6b5r,8.77
6b5t,8.66
6b67,5.05
6b7a,4.49
6b7b,2.89
6b7c,5.14
6b7d,4.28
6b7e,4.55
6b7f,3.87
6b7h,9.03
6b8j,8.3
6b8u,9.7
6b8y,9.66
6b95,5.15
6b97,6.63
6b98,4.65
6ba7,8.15
6bau,4.51
6bbu,7.54
6bbv,6.1
6bc9,9.43
6bcy,4.81
6bd1,4.78
6bec,4.01
6bed,4.72
6bee,4.66
6bef,3.98
6beh,4.09
6bfa,9.0
6bfd,8.3
6bfe,5.85
6bfn,8.03
6bfp,7.7
6bfw,6.66
6bfx,7.1
6bg3,4.92
6bg5,6.0
6bgg,4.02
6bgu,6.28
6bgv,6.74
6bgw,6.68
6bgx,6.33
6bgy,6.82
6bgz,6.39
6bh0,6.66
6bh1,7.22
6bh2,5.62
6bh5,6.6
6bh8,5.12
6bhd,5.03
6bhe,4.62
6bhh,3.76
6bhi,4.25
6bhv,5.23
6bib,5.8
6bic,5.62
6bid,5.54
6bik,8.19
6bil,6.24
6bin,6.34
6bir,7.52
6bix,6.51
6biy,6.66
6biz,6.57
6bj2,5.4
6bj3,4.77
6bjo,6.29
6bke,8.35
6bkw,8.3
6bkx,6.39
6bky,6.57
6bl2,7.39
6bm5,5.84
6bmi,5.05
6bmr,4.22
6bmv,4.68
6bmx,4.72
6bnh,3.8
6bnk,6.99
6bnl,6.96
6bny,6.4
6bo6,7.1
6bod,4.26
6boe,5.54
6boy,5.74
6bq0,7.34
6bqa,5.85
6bqd,6.39
6bqh,9.8
6bqk,9.0
6br2,8.72
6br3,8.72
6bs4,5.55
6bs5,5.7
6bsm,6.8
6bt0,5.68
6bu0,5.96
6bvb,6.71
6bvh,9.15
6bw2,7.68
6bw3,5.53
6bw4,5.5
6bw8,9.0
6bx6,6.48
6bxy,8.05
6by8,6.91
6byz,8.37
6c0n,8.37
6c0r,7.51
6c0s,7.05
6c0t,7.37
6c0u,5.99
6c1s,8.52
6c28,4.17
6c2t,9.05
6c3e,7.2
6c3l,4.44
6c3n,2.49
6c4d,9.04
6c4g,8.3
6c5f,4.48
6c5j,7.16
6c5k,7.16
6c5q,6.66
6c5t,6.97
6c67,5.92
6c6o,8.3
6c7b,5.82
6c7d,9.77
6c7e,8.55
6c7f,9.62
6c7g,7.74
6c7i,9.42
6c7q,9.15
6c7r,9.0
6c7x,7.19
6c85,3.9
6c8c,6.38
6c8p,6.7
6c8x,12.3
6c98,4.1
6c99,5.62
6c9n,4.78
6c9p,5.64
6c9q,5.1
6c9r,6.71
6c9s,7.32
6cb5,5.37
6cbf,5.17
6cbg,3.95
6cbh,6.29
6cc9,3.15
6cck,7.43
6ccl,3.56
6ccn,4.52
6ccs,3.64
6cct,4.14
6ccu,4.45
6ccx,3.15
6ccy,8.52
6cd4,5.34
6cd8,4.71
6cd9,4.42
6cdc,5.6
6cdl,10.92
6cdm,9.09
6cdo,8.97
6cdp,8.79
6ce2,6.3
6ce6,5.1
6ce8,3.41
6cee,4.19
6cef,3.74
6cen,5.49
6cer,5.36
6cf6,5.24
6cf7,7.91
6cfc,3.68
6cfd,7.86
6cgp,7.12
6cgt,6.0
6cha,4.4
6chh,5.57
6chl,8.05
6chm,3.7
6chp,10.12
6chq,5.36
6cis,6.87
6ciy,6.7
6cj1,5.27
6cj5,5.19
6cje,7.22
6cjh,5.42
6cjj,3.9
6cjr,9.52
6cjs,9.7
6cjw,5.74
6cjy,7.64
6ck6,9.0
6ckc,8.22
6cki,7.24
6ckl,3.89
6ckr,7.3
6cks,7.82
6ckw,9.08
6clv,4.88
6cmj,8.3
6cmr,6.61
6cms,5.82
6cn5,7.7
6cn8,7.2
6cnk,7.77
6coj,6.4
6cpa,11.52
6cpw,8.25
6cq0,4.46
6cq1,3.66
6cq5,4.24
6cqf,8.35
6cqz,9.64
6cse,5.6
6csf,5.44
6csp,8.52
6csq,6.39
6csr,6.84
6css,7.6
6ct7,7.0
6cus,4.89
6cv8,3.17
6cvd,4.0
6cve,6.8
6cvv,4.12
6cvw,8.15
6cvx,7.68
6cvy,8.41
6cw8,6.57
6cwf,7.54
6cwh,7.54
6cwi,7.54
6cwn,6.65
6cyb,9.02
6cyd,8.7
6cyg,4.17
6cyh,3.15
6cyi,5.04
6cz4,7.12
6czb,4.33
6czc,4.78
6czd,3.85
6cze,4.03
6czf,5.8
6czi,6.25
6czu,6.32
6czv,6.64
6d07,5.28
6d08,5.29
6d15,4.48
6d17,4.82
6d18,5.85
6d19,6.61
6d1a,4.35
6d1g,4.47
6d1h,3.72
6d1i,4.09
6d1j,4.25
6d1k,3.13
6d1l,8.12
6d1m,8.2
6d1u,5.44
6d1x,5.2
6d28,6.7
6d3g,4.7
6d3q,8.47
6d3x,10.29
6d3y,8.7
6d40,9.85
6d49,3.93
6d4a,3.93
6d4q,6.08
6d4r,5.96
6d4s,6.05
6d4u,5.7
6d4v,6.64
6d4w,5.25
6d50,5.05
6d56,8.05
6d59,7.0
6d5e,6.85
6d5g,6.6
6d5j,6.34
6d5w,4.2
6d6t,8.21
6d6u,8.21
6d78,8.74
6d8v,5.42
6d9s,5.96
6dai,4.07
6dak,5.14
6dar,6.66
6das,8.31
6dat,5.05
6db3,7.25
6db4,7.31
6dcg,8.15
6dcy,5.46
6dcz,7.17
6dd0,5.48
6dd1,4.65
6det,8.22
6df2,7.24
6dge,6.72
6dgo,5.47
6dgq,5.51
6dgr,4.91
6dgt,7.38
6dgx,11.3
6dgy,11.3
6dgz,11.3
6dh0,10.59
6dh1,10.58
6dh2,10.89
6dh3,11.3
6dh5,11.3
6dh6,9.93
6dh7,9.88
6dh8,9.84
6dhc,7.96
6dhu,3.13
6die,3.13
6dif,10.72
6dih,2.72
6dil,8.12
6dim,2.14
6dj1,10.51
6dj2,8.12
6dj5,8.14
6dj7,8.72
6djd,2.14
6dji,2.51
6djj,4.1
6dk1,7.65
6dkb,9.15
6dkg,8.59
6dkp,7.44
6dl2,7.48
6dl9,6.0
6dlx,3.32
6dm8,7.28
6dn5,7.49
6dn6,8.15
6dne,7.48
6dnp,5.18
6do1,8.08
6do3,8.03
6do4,7.68
6dpt,7.11
6dpy,4.1
6dpz,3.59
6dq4,4.92
6dq5,5.19
6dq8,6.59
6dqa,6.44
6dqb,6.49
6dql,7.89
6drg,6.92
6drt,4.97
6drx,9.24
6dry,9.43
6drz,9.8
6ds0,8.66
6dtn,6.8
6dtx,8.35
6dub,4.74
6duf,8.14
6dug,8.27
6duh,7.42
6duk,9.59
6dvl,7.96
6dvm,8.52
6dvn,7.85
6dvo,7.22
6dxg,4.85
6dxl,5.8
6dy7,4.18
6dya,6.17
6dyn,3.19
6dyo,4.49
6dyr,3.66
6dys,4.25
6dyu,10.26
6dyv,10.59
6dyw,10.44
6dyy,10.55
6dz2,8.85
6dz3,8.89
6dzq,7.37
6dzv,6.4
6dzx,5.46
6dzy,5.52
6e06,4.26
6e0q,8.1
6e0r,7.7
6e13,6.7
6e1a,8.85
6e1z,3.82
6e22,8.89
6e23,10.0
6e2m,5.66
6e2n,7.9
6e2o,8.54
6e3g,7.36
6e3m,8.64
6e3n,8.7
6e3o,8.7
6e3p,8.7
6e3s,6.78
6e3z,7.76
6e4c,9.92
6e4f,9.07
6e4t,8.05
6e4u,7.87
6e4v,6.29
6e4w,6.7
6e5g,5.37
6e5s,6.44
6e6j,8.1
6e6v,7.77
6e7j,9.48
6e7r,6.83
6e7t,6.89
6e7v,6.48
6e7w,6.52
6e7x,6.76
6e83,4.54
6e86,5.09
6e8x,6.22
6e92,7.46
6e9a,11.92
6e9l,6.04
6ea1,6.59
6ea2,6.55
6eaa,6.09
6eb2,6.32
6ebw,8.6
6ecz,6.57
6eda,6.7
6edl,8.7
6edr,4.55
6ee2,6.71
6ee3,6.86
6ee4,6.69
6ee6,6.67
6eea,6.2
6eeh,6.54
6eeo,6.43
6efj,3.32
6efk,6.8
6ega,6.78
6egs,3.59
6ehh,7.49
6ei4,5.28
6ei5,7.42
6eij,5.77
6eiq,6.42
6eir,6.24
6eiz,6.22
6ej3,5.93
6ej4,6.8
6ek3,6.48
6ekd,6.44
6ekn,6.29
6ekq,5.46
6eks,3.84
6eku,4.28
6el5,6.88
6ela,7.59
6elo,6.29
6em7,4.53
6ema,4.53
6emu,5.03
6en5,7.94
6en6,7.94
6enm,8.32
6enx,6.08
6eo8,7.0
6eo9,6.8
6eog,5.8
6eol,7.43
6ep9,6.84
6epa,5.95
6epy,6.46
6eq6,4.82
6eq7,7.0
6eq8,8.0
6eqa,4.85
6eqm,7.96
6eqp,5.96
6equ,6.38
6eqv,6.62
6eqw,10.65
6er3,3.24
6er4,2.77
6ert,5.23
6erv,5.36
6es0,5.65
6esa,4.53
6esj,5.68
6esm,5.53
6esn,8.05
6esy,5.59
6et8,8.25
6etj,6.72
6ety,8.05
6euv,8.62
6euw,7.77
6eux,5.92
6euz,4.18
6ev0,5.74
6evo,5.17
6evp,4.53
6evr,8.06
6ew3,7.4
6ew7,5.54
6ewe,5.51
6eww,5.05
6ex0,4.03
6ex1,7.31
6exi,5.05
6exj,4.33
6exm,5.52
6ey7,4.3
6ey8,5.81
6ey9,5.91
6eyb,5.37
6eyt,5.72
6eyz,8.1
6ez6,7.4
6ez9,7.77
6ezg,7.69
6ezh,7.04
6ezi,5.31
6ezq,4.66
6f05,4.47
6f08,5.39
6f09,5.97
6f0y,5.11
6f1j,4.62
6f1w,7.96
6f1x,7.7
6f22,8.7
6f23,8.3
6f28,5.67
6f2n,6.7
6f34,4.94
6f3d,8.4
6f3e,7.15
6f3g,7.16
6f4n,5.22
6f4w,5.53
6f4x,4.97
6f55,4.16
6f5h,7.05
6f5m,6.3
6f5u,3.54
6f5w,3.83
6f6i,3.19
6f6s,2.89
6f6u,4.8
6f7b,8.89
6f7c,5.9
6f7i,7.85
6f7q,8.96
6f7t,9.44
6f86,7.43
6f8b,5.21
6f8g,4.18
6f8u,6.1
6f8v,4.8
6f8w,4.64
6f90,6.0
6f92,6.4
6f94,7.0
6f96,7.72
6f9r,4.97
6f9t,7.86
6f9u,5.13
6f9v,6.76
6fa3,7.42
6fa4,7.29
6fa5,6.75
6faa,6.75
6fac,6.75
6faf,6.51
6fag,6.59
6fam,4.01
6fap,2.15
6fau,5.44
6fav,5.33
6faw,5.57
6fba,4.7
6fbv,6.52
6fby,5.03
6fdc,5.64
6fdp,5.26
6fdq,3.95
6fdt,4.3
6fdu,3.69
6fe0,6.48
6fe1,8.48
6fe5,9.3
6fel,6.4
6fer,4.36
6few,5.85
6fex,7.54
6ffe,6.1
6fff,7.3
6ffg,7.2
6ffh,6.34
6ffi,8.1
6ffn,8.22
6ffs,7.2
6fgc,5.48
6fgf,3.96
6fgl,4.62
6fgq,7.85
6fgy,7.15
6fh3,3.07
6fhu,2.64
6fi1,2.15
6fi4,5.66
6fi5,5.52
6fii,8.02
6fil,5.85
6fiv,8.08
6fjf,8.17
6fjm,6.24
6fkp,6.52
6fkq,8.0
6fkz,6.05
6fmc,5.88
6fmf,5.88
6fmn,5.95
6fmp,5.64
6fne,5.52
6fnf,7.89
6fng,7.14
6fni,8.22
6fnj,6.85
6fnr,5.59
6fns,4.03
6fnt,4.68
6fnx,4.9
6fo5,6.72
6fo7,7.87
6fo8,7.74
6fo9,7.75
6fob,7.63
6fpu,6.49
6fqo,6.85
6fqu,5.66
6fr0,6.84
6fr2,7.92
6frf,7.4
6frj,3.71
6fs0,9.77
6fs1,7.01
6fsd,4.24
6fse,4.74
6fsy,6.61
6ft3,6.42
6ft4,6.63
6ft8,7.36
6ft9,6.96
6ftf,8.1
6ftn,6.7
6ftw,6.49
6fu1,5.36
6fu4,6.19
6fu5,7.5
6fuh,3.77
6fui,4.46
6fuj,4.3
6ful,4.92
6fut,4.7
6fv1,5.97
6fv4,2.92
6fvl,6.8
6fvm,6.6
6fvn,5.3
6fvo,5.55
6fyi,6.7
6fyl,8.15
6fyp,6.84
6fyv,7.96
6fyz,7.41
6fz4,5.95
6fzf,6.82
6fzg,6.55
6fzj,6.33
6fzx,8.15
6g01,7.41
6g02,7.62
6g07,4.57
6g0q,4.61
6g0z,5.32
6g14,5.49
6g15,5.37
6g1u,5.61
6g1v,7.23
6g1w,8.14
6g22,7.56
6g24,2.77
6g25,3.52
6g27,3.14
6g29,4.33
6g2a,3.79
6g2c,4.66
6g2e,5.01
6g2f,5.17
6g2l,7.17
6g2m,7.82
6g2n,7.14
6g2o,6.77
6g2r,9.46
6g33,8.15
6g35,7.76
6g36,7.79
6g37,7.37
6g39,8.34
6g3c,6.91
6g3o,9.24
6g3q,7.24
6g3v,6.04
6g3y,5.89
6g46,3.73
6g47,2.18
6g4m,6.6
6g4n,5.64
6g4y,8.82
6g4z,9.77
6g5j,6.7
6g5u,6.4
6g6t,7.7
6g6w,9.7
6g7a,6.78
6g85,5.21
6g86,4.49
6g8i,5.17
6g8j,4.76
6g8k,4.45
6g8n,5.84
6g8q,4.72
6g91,5.49
6g93,7.96
6g97,8.38
6g98,6.15
6g9a,7.68
6g9b,3.24
6g9d,8.37
6g9f,6.23
6g9h,8.4
6g9i,3.93
6g9j,8.39
6g9k,7.4
6g9m,8.1
6g9u,6.43
6gbe,3.5
6gbw,8.45
6gbx,7.7
6gch,4.7
6gcl,4.47
6gcr,8.33
6gcx,9.22
6gdy,5.46
6ge0,8.68
6ge7,6.06
6gev,8.7
6gf3,4.84
6gf9,6.39
6gfm,5.47
6gfy,6.61
6gfz,5.51
6gg3,4.21
6gg4,3.69
6gg5,3.65
6gg8,9.1
6gga,4.85
6ggb,5.39
6ggd,5.59
6gge,5.77
6ggf,5.39
6ggn,10.1
6ghh,6.71
6ghj,2.16
6ghp,9.36
6ghv,4.28
6gi6,6.71
6gih,4.36
6gin,7.49
6gip,7.38
6giu,6.66
6gj6,4.7
6gj7,6.06
6gj8,5.87
6gjb,8.1
6gjd,7.66
6gji,3.87
6gjm,3.58
6gjn,6.22
6gjr,3.74
6gjw,4.96
6gl3,7.96
6gl9,6.87
6glb,6.89
6gmd,3.69
6gmq,2.3
6gmx,2.17
6gn1,8.0
6gnm,4.26
6gnp,4.55
6gnw,4.99
6gon,5.67
6gop,9.15
6got,9.4
6gr7,5.5
6grp,5.48
6gu3,5.36
6gu6,5.74
6gu7,5.81
6gub,7.64
6guc,7.6
6gue,8.4
6guf,6.65
6guh,7.59
6guk,6.15
6gva,8.22
6gvf,7.55
6gvg,6.0
6gvh,6.04
6gvi,6.82
6gvx,7.62
6gvz,6.4
6gw1,5.14
6gwe,7.38
6gxb,7.46
6gxw,3.36
6gy1,6.3
6gy5,4.86
6gzh,8.27
6gzl,5.14
6gzm,8.26
6h0b,4.15
6h0u,6.77
6h1d,5.6
6h1h,6.17
6h1i,7.36
6h1u,5.32
6h29,5.62
6h2t,4.82
6h2z,9.3
6h33,9.22
6h34,9.3
6h38,8.11
6h3k,7.96
6h3q,7.14
6h41,7.05
6h4a,7.38
6h4d,7.96
6h4o,6.89
6h4p,6.99
6h4q,5.69
6h4r,7.03
6h4s,7.42
6h4t,7.0
6h4u,6.16
6h4w,6.97
6h4x,6.88
6h4y,7.11
6h4z,7.64
6h50,6.81
6h52,7.17
6h5w,10.8
6h5x,10.82
6h75,4.38
6h76,7.52
6h77,7.33
6h78,7.33
6h7b,7.48
6h7d,5.49
6h7f,6.12
6h7j,8.62
6h7l,8.97
6h7m,7.8
6h7n,8.46
6h7o,9.85
6h7u,1.98
6h7y,9.46
6h7z,10.12
6h8c,5.85
6h8s,4.42
6h96,8.68
6h9b,5.7
6h9x,9.74
6ha4,3.97
6hah,4.81
6hai,7.94
6haj,4.97
6hax,7.59
6hay,7.01
6haz,7.0
6hb5,5.83
6hb6,7.36
6hbm,5.02
6hbn,6.22
6hck,4.6
6hcu,7.82
6hcv,8.3
6hcw,6.89
6hd4,8.64
6hd6,5.7
6hdn,4.3
6hdo,6.6
6hf5,5.17
6hgf,5.02
6hgi,6.22
6hgj,4.38
6hgr,3.46
6hgs,3.77
6hgx,7.11
6hgy,8.52
6hh3,6.24
6hh5,4.27
6hhg,7.76
6hhh,7.17
6hhi,8.17
6hhp,7.49
6hhr,7.01
6hjj,5.77
6hjk,7.6
6hk3,7.5
6hk4,8.55
6hk6,6.41
6hk7,7.34
6hke,7.68
6hkj,9.0
6hkm,6.57
6hkn,7.29
6hks,4.28
6hky,9.34
6hkz,9.89
6hlb,10.27
6hld,9.21
6hle,9.31
6hlx,7.17
6hly,7.33
6hlz,7.33
6hm1,6.04
6hm4,5.67
6hm6,5.5
6hm7,7.1
6hmb,6.56
6hmp,6.86
6hmr,6.83
6hmx,8.89
6hmy,7.24
6hni,4.03
6hoi,5.1
6hol,5.72
6hoq,6.39
6hor,4.18
6hot,4.4
6hou,4.27
6hoy,4.48
6hp0,4.92
6hp5,7.27
6hp9,8.25
6hpg,5.5
6hpw,6.09
6hq3,6.11
6hq4,4.65
6hq7,6.11
6hr2,7.0
6hro,7.3
6hrq,7.09
6hrt,9.0
6hrw,6.0
6hrx,5.1
6hs0,5.5
6hs4,5.51
6hsh,7.55
6hsk,7.03
6hsz,6.94
6ht1,7.11
6htc,5.96
6htg,7.17
6hth,7.12
6hti,7.01
6htp,6.8
6htt,6.66
6htz,6.74
6hu0,6.91
6hu1,6.72
6hu2,5.9
6hub,8.1
6huc,7.59
6huq,7.14
6huu,7.46
6hv0,6.56
6hv2,4.28
6hv4,6.23
6hv5,6.49
6hva,6.28
6hvh,7.33
6hvi,6.42
6hvj,7.55
6hvr,6.48
6hvs,5.23
6hvu,6.59
6hvv,6.67
6hvw,5.55
6hwv,7.08
6hwz,5.17
6hx5,5.66
6hx8,5.89
6hy2,7.3
6hy7,5.57
6hza,9.3
6hzb,8.98
6hzc,8.93
6hzd,9.17
6hzu,8.26
6hzx,8.38
6hzy,3.92
6i0b,8.04
6i0c,6.85
6i0k,4.89
6i0r,4.35
6i0x,6.07
6i11,4.53
6i12,5.57
6i13,5.12
6i14,5.82
6i18,4.07
6i1r,5.84
6i3u,9.22
6i41,4.21
6i4x,4.9
6i5g,4.89
6i5i,8.05
6i5y,8.54
6i61,6.24
6i62,6.8
6i63,7.01
6i64,7.31
6i67,6.7
6i68,4.89
6i74,5.47
6i75,4.64
6i76,5.07
6i77,4.96
6i7a,4.26
6i8b,8.0
6i8l,6.41
6i8m,7.8
6i8t,5.75
6i8y,6.74
6i8z,7.8
6i96,6.68
6i97,8.18
6i9a,10.0
6ia7,5.7
6iae,4.7
6iam,6.85
6ib2,8.0
6ibl,9.31
6ibx,8.7
6iby,7.82
6ibz,7.66
6ic0,7.66
6ic5,8.22
6ic6,7.82
6ic7,7.11
6idg,6.66
6idz,6.51
6iez,6.52
6if0,6.51
6ift,4.68
6iht,5.21
6iik,4.91
6iin,6.08
6iiu,7.96
6ijh,7.17
6iji,9.36
6ijl,7.93
6ikm,8.57
6ilq,6.36
6ilz,6.47
6im4,7.4
6im6,4.68
6imb,4.23
6imi,4.58
6imo,6.19
6imr,5.37
6imt,6.6
6ink,6.57
6inm,6.29
6inz,5.8
6ios,4.1
6iou,3.73
6iph,6.66
6ipi,5.71
6ipj,5.79
6ipk,5.17
6ipl,3.82
6ipm,3.69
6iqg,8.0
6iql,9.37
6isd,8.24
6itp,4.65
6iuo,7.79
6iup,7.64
6ixd,9.8
6iyv,5.88
6iyw,7.23
6j06,6.59
6j0g,5.64
6j0k,5.64
6j0o,4.92
6j10,6.35
6j1l,6.42
6j3o,5.62
6j3p,6.98
6j63,8.19
6j6m,9.52
6j72,6.13
6j7e,5.04
6j7l,4.5
6j81,6.29
6j8q,5.57
6j8r,6.12
6j9w,5.13
6j9y,5.07
6jag,4.5
6jam,5.23
6jan,5.79
6jao,4.86
6jap,4.8
6jaq,3.95
6jaw,5.66
6jax,4.42
6jay,5.7
6jb4,5.98
6jbb,5.99
6jbe,4.7
6jdi,5.11
6jdl,4.89
6jfk,4.84
6jib,5.8
6jid,5.08
6jij,6.64
6jjm,2.85
6jjn,4.11
6jki,6.39
6jmf,8.59
6jn4,5.69
6jn5,5.15
6jno,6.63
6jon,4.88
6jpj,8.21
6jse,8.77
6jsg,8.34
6jsn,8.42
6jsz,5.68
6jt3,8.3
6jtc,5.07
6jwa,4.96
6jz0,7.82
6k1q,7.46
6k1s,7.7
6k3l,7.22
6k4r,5.84
6k4t,6.02
6k4x,6.66
6k5t,4.24
6k9u,10.05
6kdi,6.72
6kdx,6.53
6kdz,8.54
6ke0,7.55
6kla,7.25
6klk,3.88
6kmj,4.79
6knh,3.55
6kzc,7.94
6kzd,8.53
6lpr,7.3
6m7h,4.7
6m7i,3.41
6m87,8.1
6m88,5.96
6m89,5.64
6m8a,5.26
6m8c,5.66
6m8d,5.14
6m8e,4.85
6m8q,6.43
6m8w,6.22
6m8y,6.38
6m95,6.85
6m9c,7.25
6m9d,7.35
6m9f,8.22
6m9l,7.54
6m9t,7.7
6ma1,8.1
6ma2,5.39
6ma3,8.3
6ma4,7.35
6max,4.87
6mbo,5.95
6mbp,5.95
6mck,7.92
6md0,5.9
6md7,6.74
6md8,2.38
6mdb,7.17
6mdc,7.44
6mdd,4.33
6mdq,3.44
6mdu,4.25
6me1,7.92
6me2,9.37
6me3,9.38
6me4,9.92
6me5,8.78
6mep,7.35
6mey,3.32
6mg5,4.69
6mh1,5.92
6mh7,5.74
6mhb,6.77
6mhc,6.43
6mhd,7.29
6mi6,4.54
6mia,2.6
6mim,5.7
6min,3.91
6miq,4.55
6miy,7.73
6mj4,7.72
6mj7,2.82
6mja,7.85
6mji,7.29
6mjj,7.84
6mjq,7.88
6mju,7.56
6mjw,7.99
6mku,7.15
6mkw,4.77
6ml9,5.3
6mla,4.38
6mle,9.0
6mlf,4.28
6mlg,5.05
6mlh,3.67
6mli,2.43
6mlj,7.26
6mlo,6.1
6mlp,3.7
6mlw,3.74
6mm2,5.41
6mm5,4.54
6mmc,3.61
6mmq,3.62
6mnf,5.89
6mnp,3.71
6mnv,3.37
6mo0,6.23
6mo1,6.54
6mo2,6.68
6mo4,8.34
6mo5,9.52
6mo7,5.03
6mo8,5.84
6mo9,5.81
6mod,9.15
6mq3,8.77
6mqc,8.28
6mqm,9.57
6mr5,7.3
6mrg,7.55
6ms1,5.22
6msa,7.08
6msc,7.68
6msn,4.95
6mso,5.42
6msy,7.0
6mt0,10.3
6mt4,3.82
6mt5,4.49
6mt6,3.88
6mtu,5.22
6mtv,5.11
6mu3,6.15
6mum,8.41
6mv3,3.33
6mvx,5.14
6mwe,9.2
6mx8,9.43
6mxb,4.59
6mxc,5.56
6mxd,5.23
6mxe,4.26
6myn,7.85
6mzq,8.41
6mzw,8.41
6n0j,5.37
6n0k,5.07
6n0m,5.82
6n0p,8.89
6n0q,7.4
6n17,3.0
6n19,3.02
6n3e,4.72
6n3f,6.1
6n3k,7.54
6n3o,8.62
6n3w,5.81
6n3x,5.09
6n3z,6.59
6n48,5.92
6n4b,10.01
6n4e,8.0
6n4t,8.09
6n54,7.75
6n55,7.87
6n5f,6.86
6n5g,7.0
6n5h,6.45
6n6o,9.15
6n78,9.68
6n79,9.68
6n7b,9.22
6n7c,9.17
6n7d,9.52
6n7q,5.15
6n7y,5.11
6n7z,5.55
6n82,5.96
6n83,6.27
6n8x,5.7
6n8y,5.38
6n93,4.69
6n95,5.12
6n96,5.42
6n9h,4.26
6n9l,6.7
6n9p,8.4
6n9t,4.15
6nad,9.3
6naf,4.26
6nao,6.7
6ncj,7.62
6ncn,3.05
6ncp,5.74
6ndl,7.19
6ne5,10.52
6nfg,4.11
6nfh,7.15
6nfn,7.7
6nfo,5.57
6nfy,7.8
6nfz,7.8
6ng0,8.19
6nj0,6.61
6njh,3.69
6njj,5.99
6njz,5.01
6nk0,6.39
6nkp,6.52
6nlj,4.82
6nm4,7.06
6nmb,2.7
6nng,4.23
6nnr,5.07
6no9,10.52
6np2,6.8
6np3,6.47
6np4,4.44
6npe,6.3
6npf,5.85
6npi,5.7
6npm,3.96
6npp,6.05
6npt,7.17
6npu,6.4
6nrf,7.74
6nrh,7.26
6nri,7.57
6nrj,7.44
6nsp,7.36
6nsq,8.1
6nss,8.85
6nsv,7.8
6nsx,6.64
6nt2,8.82
6ntb,5.15
6ntj,6.47
6nu1,4.51
6nu5,5.15
6nv9,8.19
6nvg,8.07
6nvh,7.95
6nvj,8.28
6nvl,7.95
6nw3,7.66
6nwc,7.74
6nwk,7.7
6nwl,7.37
6ny4,8.52
6nyv,6.51
6nyw,6.64
6nzf,9.04
6nzg,7.7
6nzk,4.3
6nzq,9.52
6nzr,9.3
6nzt,10.2
6nzv,10.17
6o0h,8.15
6o0k,10.74
6o0m,9.34
6o0p,9.96
6o1g,9.0
6o2p,8.18
6o3x,6.25
6o48,7.12
6o4w,8.47
6o4x,7.4
6o50,8.55
6o57,6.29
6o5g,5.7
6o5t,6.5
6o5u,4.38
6o5x,7.66
6o68,4.99
6o6f,7.4
6o6g,6.52
6o7g,5.96
6o8i,10.0
6o95,8.29
6o9c,7.55
6o9d,8.7
6oa1,4.59
6oa3,6.4
6oac,7.95
6oag,5.43
6ob0,4.96
6oco,6.32
6ocq,6.7
6ocu,8.05
6ocw,8.15
6ocz,8.52
6od6,8.21
6ode,8.1
6odz,9.15
6oe0,8.92
6oe1,8.51
6oe3,8.32
6of5,5.35
6oh2,5.2
6oh3,3.32
6ohd,9.38
6ohu,6.78
6oi8,7.82
6oi9,7.19
6oie,6.15
6oim,7.05
6oin,6.0
6oio,6.54
6oip,6.92
6oiq,6.57
6oja,9.7
6oko,6.74
6olx,5.38
6om2,7.75
6om8,5.16
6omu,8.7
6oos,11.3
6oot,11.3
6oou,11.3
6ooy,4.66
6ooz,8.05
6op0,7.86
6op9,9.28
6oqb,10.3
6oqc,10.4
6oqd,9.85
6oqn,8.0
6orr,9.3
6os5,5.36
6os6,5.96
6otg,7.5
6ott,5.42
6ouv,5.55
6ovc,6.52
6ow2,8.52
6ow7,9.0
6ox0,4.85
6oxp,11.0
6oxt,9.95
6oxv,10.7
6oxw,10.55
6oxz,9.67
6oy1,10.24
6oy2,9.87
6oyh,6.98
6oyt,8.23
6oyz,6.73
6oz6,7.28
6p10,5.22
6p11,6.05
6p12,5.95
6p14,6.66
6p1d,7.41
6p1l,8.7
6p3p,6.84
6p3t,7.32
6p3u,7.02
6p3v,7.02
6p3w,6.26
6p5o,4.54
6p5v,6.7
6p7q,5.36
6p84,4.81
6p85,4.99
6p87,4.6
6p88,4.52
6p89,5.01
6p8a,3.59
6p8x,5.56
6p8y,6.2
6p8z,4.7
6pdj,7.38
6peb,8.57
6peg,5.16
6pek,6.52
6peu,5.89
6pf4,4.8
6pf5,4.96
6pf6,4.74
6pfj,6.41
6pg3,3.32
6pg4,3.59
6pg5,4.96
6pg6,3.7
6pg7,4.66
6pg8,3.85
6pg9,4.92
6pgb,4.6
6pgc,5.35
6pge,3.62
6pgp,7.0
6pgx,9.21
6phr,6.7
6pht,3.41
6phx,3.32
6phz,3.46
6pi1,3.8
6pi5,6.96
6pi6,5.66
6pia,4.96
6pic,3.39
6pid,4.54
6pii,6.96
6pit,5.92
6pk7,4.72
6pka,5.92
6pl1,7.65
6pl2,8.06
6pl3,8.52
6plf,6.67
6plg,7.82
6pm9,8.1
6pml,3.09
6pnm,5.17
6pnn,5.16
6poi,3.49
6prf,8.6
6prg,3.7
6prt,2.67
6ps0,9.94
6ps1,9.7
6ps4,9.89
6ps5,8.43
6ps6,9.7
6ps9,4.62
6pt3,9.41
6pu3,5.23
6pve,7.37
6pvs,8.17
6pvu,5.21
6pvx,7.17
6pvy,3.19
6pvz,3.47
6pxc,6.37
6py0,6.41
6pya,6.82
6pyc,7.45
6pyd,6.81
6pyr,9.0
6pyu,8.0
6pz4,9.4
6q35,4.82
6q36,7.6
6q38,6.38
6q3q,4.45
6q3z,7.36
6q4e,3.46
6q54,6.49
6q5b,5.89
6q60,5.71
6q6m,6.89
6q6o,7.54
6q6y,6.0
6q7a,8.3
6q7h,7.68
6q7v,5.59
6q89,9.85
6q8b,7.53
6q8c,7.68
6q8k,6.54
6q8p,7.74
6q96,10.0
6q9h,8.11
6q9l,8.41
6q9o,8.47
6q9q,6.84
6q9t,7.52
6q9w,6.24
6q9y,5.43
6qaa,7.66
6qab,8.21
6qac,8.21
6qad,7.85
6qas,7.74
6qat,7.33
6qau,7.48
6qav,8.31
6qc0,7.24
6qcg,5.14
6qcj,5.6
6qdx,4.52
6qe5,5.12
6qed,7.13
6qef,7.22
6qeg,7.3
6qff,5.69
6qfg,5.52
6qfh,5.86
6qfq,7.1
6qfu,7.46
6qfv,7.31
6qg4,8.07
6qge,5.68
6qgh,8.15
6qgj,9.0
6qgk,6.7
6qh9,5.0
6qha,5.3
6qhb,6.3
6qhc,5.2
6qhg,3.13
6qho,6.2
6qhr,7.72
6qi4,4.37
6qi7,6.46
6qk8,4.85
6ql1,6.48
6ql2,7.77
6ql3,7.0
6qln,4.66
6qlo,5.06
6qlp,5.28
6qlq,4.51
6qlr,4.82
6qls,5.35
6qlt,4.04
6qme,4.36
6qmj,7.36
6qmk,7.46
6qmr,7.92
6qpl,7.04
6qqq,5.17
6qqt,4.23
6qqu,5.3
6qqv,4.92
6qqw,4.72
6qr0,6.92
6qr1,5.07
6qr2,5.49
6qr4,6.23
6qr7,7.15
6qr9,6.72
6qra,6.15
6qrc,4.89
6qrd,7.0
6qre,4.85
6qrf,4.48
6qrg,5.0
6qri,4.82
6qs5,6.24
6qtr,4.64
6qts,4.8
6qtx,4.41
6qw7,6.33
6qw9,6.64
6qwa,6.59
6qwb,6.04
6qwi,4.29
6qxd,6.02
6qxs,7.13
6qxu,8.15
6qyk,5.55
6qz6,6.49
6qz7,6.49
6qz8,7.62
6qzb,6.47
6qzh,8.52
6r0k,7.92
6r0v,4.96
6r0x,8.7
6r18,4.92
6r1a,4.35
6r1b,5.44
6r1c,4.92
6r1k,5.05
6r1w,5.3
6r49,2.1
6r4k,5.07
6r4v,5.76
6r5f,7.7
6r7d,8.62
6r7j,7.4
6r7k,7.3
6r8i,6.03
6r8l,6.17
6r8o,8.22
6r8p,4.48
6r8r,7.07
6r8w,5.92
6r9s,2.15
6r9u,2.12
6rfi,7.43
6rfn,6.7
6rfw,6.5
6rj2,7.0
6rj3,6.4
6rj5,6.52
6rj6,8.52
6rjp,8.96
6rk4,4.01
6rln,8.2
6rml,5.82
6rn6,6.8
6rn7,7.3
6rn9,8.2
6rne,8.8
6rni,9.4
6rnt,2.37
6rot,6.32
6rpg,8.52
6rqk,2.8
6rr0,7.15
6rrm,6.84
6rsa,4.4
6rtn,6.63
6rtw,6.43
6rz6,8.54
6s07,7.4
6s0e,5.5
6s1s,5.84
6s43,5.4
6s4n,6.79
6s4u,7.76
6s56,5.1
6s57,5.1
6s5k,7.32
6s7k,4.24
6s7s,4.77
6s7z,5.66
6s88,6.17
6s89,8.07
6s8a,8.07
6s90,7.89
6s9c,6.57
6s9d,7.8
6s9w,7.23
6s9x,6.42
6saf,6.64
6sal,6.58
6sbt,6.78
6sd9,9.1
6sdc,8.9
6sdd,8.4
6sde,10.2
6sen,5.55
6seo,4.74
6sfc,5.28
6sfj,7.74
6sge,7.51
6skb,7.7
6skc,7.1
6skd,5.8
6slg,10.3
6ssy,3.19
6st3,7.03
6std,8.64
6stl,8.8
6suo,9.4
6sy7,3.33
6sze,4.1
6szj,5.82
6szp,4.74
6t1m,5.21
6t1n,5.46
6t1o,5.59
6te6,6.57
6ten,9.77
6tim,3.21
6tld,5.35
6tyz,6.88
6u26,6.97
6u5m,6.29
6u5y,7.16
6u6w,5.33
6u7o,10.81
6u7p,11.68
6u80,4.43
6u8b,6.37
6u8l,6.91
6u8o,6.54
6u9v,7.4
6ud2,10.21
6udt,10.0
6udv,10.29
6udx,8.0
6udy,7.57
6ueg,4.71
6uf0,7.14
6ufn,5.64
6ufo,4.46
6ugn,6.12
6ugo,7.59
6ugp,6.16
6ugr,6.27
6ugz,7.72
6uh0,6.07
6uhv,6.92
6uii,6.43
6uil,7.1
6uim,6.74
6ul8,7.52
6un1,7.89
6un3,8.64
6upj,6.32
6uvv,5.18
6uvy,6.0
6uwp,7.55
6uwv,8.0
6uyy,5.72
6v5l,3.65
7cpa,13.96
7gch,5.7
7gpb,5.52
7hvp,9.62
7kme,4.4
7lpr,7.18
7prc,5.21
7upj,8.49
830c,9.28
8a3h,4.06
8abp,8.0
8cpa,9.15
8gpb,3.6
8hvp,9.0
8lpr,6.62
966c,7.64
9abp,8.0
9hvp,8.35
9icd,3.9
9lpr,5.7
